ISO-10303-21;
HEADER;
FILE_DESCRIPTION(('FreeCAD Model'),'2;1');
FILE_NAME('Open CASCADE Shape Model','2026-10-07T14:18:53',(''),(''),
  'Open CASCADE STEP processor 7.8','FreeCAD','Unknown');
FILE_SCHEMA(('AUTOMOTIVE_DESIGN { 1 0 10303 214 1 1 1 1 }'));
ENDSEC;
DATA;
#1 = APPLICATION_PROTOCOL_DEFINITION('international standard',
  'automotive_design',2000,#2);
#2 = APPLICATION_CONTEXT(
  'core data for automotive mechanical design processes');
#3 = SHAPE_DEFINITION_REPRESENTATION(#4,#10);
#4 = PRODUCT_DEFINITION_SHAPE('','',#5);
#5 = PRODUCT_DEFINITION('design','',#6,#9);
#6 = PRODUCT_DEFINITION_FORMATION('','',#7);
#7 = PRODUCT('Body','Body','',(#8));
#8 = PRODUCT_CONTEXT('',#2,'mechanical');
#9 = PRODUCT_DEFINITION_CONTEXT('part definition',#2,'design');
#10 = ADVANCED_BREP_SHAPE_REPRESENTATION('',(#11,#15),#2704);
#11 = AXIS2_PLACEMENT_3D('',#12,#13,#14);
#12 = CARTESIAN_POINT('',(0.,0.,0.));
#13 = DIRECTION('',(0.,0.,1.));
#14 = DIRECTION('',(1.,0.,-0.));
#15 = MANIFOLD_SOLID_BREP('',#16);
#16 = CLOSED_SHELL('',(#17,#57,#90,#123,#156,#189,#348,#374,#391,#464,
    #482,#499,#530,#689,#707,#725,#750,#783,#807,#840,#889,#921,#946,
    #970,#1018,#1067,#1091,#1116,#1149,#1197,#1222,#1246,#1271,#1302,
    #1314,#1498,#1522,#1616,#1634,#1665,#1696,#1729,#1752,#1769,#1811,
    #1836,#1853,#1892,#1934,#1951,#1976,#2002,#2041,#2066,#2083,#2101,
    #2112,#2138,#2187,#2221,#2238,#2255,#2267,#2284,#2301,#2313,#2325,
    #2342,#2354,#2371,#2413,#2453,#2470,#2487,#2504,#2521,#2533,#2544,
    #2562,#2579,#2591,#2608,#2620,#2638,#2656,#2673,#2691));
#17 = ADVANCED_FACE('',(#18),#52,.F.);
#18 = FACE_BOUND('',#19,.F.);
#19 = EDGE_LOOP('',(#20,#30,#38,#46));
#20 = ORIENTED_EDGE('',*,*,#21,.T.);
#21 = EDGE_CURVE('',#22,#24,#26,.T.);
#22 = VERTEX_POINT('',#23);
#23 = CARTESIAN_POINT('',(-11.5,-17.5,-4.));
#24 = VERTEX_POINT('',#25);
#25 = CARTESIAN_POINT('',(-11.5,-17.5,0.5));
#26 = LINE('',#27,#28);
#27 = CARTESIAN_POINT('',(-11.5,-17.5,-5.));
#28 = VECTOR('',#29,1.);
#29 = DIRECTION('',(0.,0.,1.));
#30 = ORIENTED_EDGE('',*,*,#31,.T.);
#31 = EDGE_CURVE('',#24,#32,#34,.T.);
#32 = VERTEX_POINT('',#33);
#33 = CARTESIAN_POINT('',(11.5,-17.5,0.5));
#34 = LINE('',#35,#36);
#35 = CARTESIAN_POINT('',(-11.5,-17.5,0.5));
#36 = VECTOR('',#37,1.);
#37 = DIRECTION('',(1.,-1.224646799147E-16,0.));
#38 = ORIENTED_EDGE('',*,*,#39,.F.);
#39 = EDGE_CURVE('',#40,#32,#42,.T.);
#40 = VERTEX_POINT('',#41);
#41 = CARTESIAN_POINT('',(11.5,-17.5,-4.));
#42 = LINE('',#43,#44);
#43 = CARTESIAN_POINT('',(11.5,-17.5,-5.));
#44 = VECTOR('',#45,1.);
#45 = DIRECTION('',(0.,0.,1.));
#46 = ORIENTED_EDGE('',*,*,#47,.F.);
#47 = EDGE_CURVE('',#22,#40,#48,.T.);
#48 = LINE('',#49,#50);
#49 = CARTESIAN_POINT('',(-12.5,-17.5,-4.));
#50 = VECTOR('',#51,1.);
#51 = DIRECTION('',(1.,-1.224646799147E-16,0.));
#52 = PLANE('',#53);
#53 = AXIS2_PLACEMENT_3D('',#54,#55,#56);
#54 = CARTESIAN_POINT('',(-12.5,-17.5,-5.));
#55 = DIRECTION('',(1.224646799147E-16,1.,0.));
#56 = DIRECTION('',(1.,-1.224646799147E-16,0.));
#57 = ADVANCED_FACE('',(#58),#85,.T.);
#58 = FACE_BOUND('',#59,.F.);
#59 = EDGE_LOOP('',(#60,#70,#77,#78));
#60 = ORIENTED_EDGE('',*,*,#61,.T.);
#61 = EDGE_CURVE('',#62,#64,#66,.T.);
#62 = VERTEX_POINT('',#63);
#63 = CARTESIAN_POINT('',(-12.5,-16.5,-4.));
#64 = VERTEX_POINT('',#65);
#65 = CARTESIAN_POINT('',(-12.5,-16.5,0.5));
#66 = LINE('',#67,#68);
#67 = CARTESIAN_POINT('',(-12.5,-16.5,-5.));
#68 = VECTOR('',#69,1.);
#69 = DIRECTION('',(0.,0.,1.));
#70 = ORIENTED_EDGE('',*,*,#71,.T.);
#71 = EDGE_CURVE('',#64,#24,#72,.T.);
#72 = CIRCLE('',#73,1.);
#73 = AXIS2_PLACEMENT_3D('',#74,#75,#76);
#74 = CARTESIAN_POINT('',(-11.5,-16.5,0.5));
#75 = DIRECTION('',(0.,0.,1.));
#76 = DIRECTION('',(-1.,1.224646799147E-16,0.));
#77 = ORIENTED_EDGE('',*,*,#21,.F.);
#78 = ORIENTED_EDGE('',*,*,#79,.F.);
#79 = EDGE_CURVE('',#62,#22,#80,.T.);
#80 = CIRCLE('',#81,1.);
#81 = AXIS2_PLACEMENT_3D('',#82,#83,#84);
#82 = CARTESIAN_POINT('',(-11.5,-16.5,-4.));
#83 = DIRECTION('',(-7.498798913309E-33,-6.123233995737E-17,1.));
#84 = DIRECTION('',(-1.224646799147E-16,-1.,-6.123233995737E-17));
#85 = CYLINDRICAL_SURFACE('',#86,1.);
#86 = AXIS2_PLACEMENT_3D('',#87,#88,#89);
#87 = CARTESIAN_POINT('',(-11.5,-16.5,-5.));
#88 = DIRECTION('',(0.,0.,1.));
#89 = DIRECTION('',(-1.224646799147E-16,-1.,0.));
#90 = ADVANCED_FACE('',(#91),#118,.T.);
#91 = FACE_BOUND('',#92,.T.);
#92 = EDGE_LOOP('',(#93,#102,#103,#112));
#93 = ORIENTED_EDGE('',*,*,#94,.T.);
#94 = EDGE_CURVE('',#95,#24,#97,.T.);
#95 = VERTEX_POINT('',#96);
#96 = CARTESIAN_POINT('',(-11.5,-17.,1.));
#97 = CIRCLE('',#98,0.5);
#98 = AXIS2_PLACEMENT_3D('',#99,#100,#101);
#99 = CARTESIAN_POINT('',(-11.5,-17.,0.5));
#100 = DIRECTION('',(1.,-1.836970198721E-16,-0.));
#101 = DIRECTION('',(-1.836970198721E-16,-1.,0.));
#102 = ORIENTED_EDGE('',*,*,#31,.T.);
#103 = ORIENTED_EDGE('',*,*,#104,.F.);
#104 = EDGE_CURVE('',#105,#32,#107,.T.);
#105 = VERTEX_POINT('',#106);
#106 = CARTESIAN_POINT('',(11.5,-17.,1.));
#107 = CIRCLE('',#108,0.5);
#108 = AXIS2_PLACEMENT_3D('',#109,#110,#111);
#109 = CARTESIAN_POINT('',(11.5,-17.,0.5));
#110 = DIRECTION('',(1.,-1.224646799147E-16,0.));
#111 = DIRECTION('',(0.,0.,1.));
#112 = ORIENTED_EDGE('',*,*,#113,.F.);
#113 = EDGE_CURVE('',#95,#105,#114,.T.);
#114 = LINE('',#115,#116);
#115 = CARTESIAN_POINT('',(-11.5,-17.,1.));
#116 = VECTOR('',#117,1.);
#117 = DIRECTION('',(1.,-1.224646799147E-16,0.));
#118 = CYLINDRICAL_SURFACE('',#119,0.5);
#119 = AXIS2_PLACEMENT_3D('',#120,#121,#122);
#120 = CARTESIAN_POINT('',(-11.5,-17.,0.5));
#121 = DIRECTION('',(1.,-1.224646799147E-16,0.));
#122 = DIRECTION('',(0.,0.,1.));
#123 = ADVANCED_FACE('',(#124),#151,.T.);
#124 = FACE_BOUND('',#125,.T.);
#125 = EDGE_LOOP('',(#126,#127,#136,#144));
#126 = ORIENTED_EDGE('',*,*,#47,.F.);
#127 = ORIENTED_EDGE('',*,*,#128,.F.);
#128 = EDGE_CURVE('',#129,#22,#131,.T.);
#129 = VERTEX_POINT('',#130);
#130 = CARTESIAN_POINT('',(-11.5,-16.5,-5.));
#131 = CIRCLE('',#132,1.);
#132 = AXIS2_PLACEMENT_3D('',#133,#134,#135);
#133 = CARTESIAN_POINT('',(-11.5,-16.5,-4.));
#134 = DIRECTION('',(-1.,1.224646799147E-16,0.));
#135 = DIRECTION('',(0.,0.,-1.));
#136 = ORIENTED_EDGE('',*,*,#137,.T.);
#137 = EDGE_CURVE('',#129,#138,#140,.T.);
#138 = VERTEX_POINT('',#139);
#139 = CARTESIAN_POINT('',(11.5,-16.5,-5.));
#140 = LINE('',#141,#142);
#141 = CARTESIAN_POINT('',(-12.5,-16.5,-5.));
#142 = VECTOR('',#143,1.);
#143 = DIRECTION('',(1.,-1.224646799147E-16,0.));
#144 = ORIENTED_EDGE('',*,*,#145,.F.);
#145 = EDGE_CURVE('',#40,#138,#146,.T.);
#146 = CIRCLE('',#147,1.);
#147 = AXIS2_PLACEMENT_3D('',#148,#149,#150);
#148 = CARTESIAN_POINT('',(11.5,-16.5,-4.));
#149 = DIRECTION('',(1.,-1.224646799147E-16,2.775557561563E-16));
#150 = DIRECTION('',(2.775557561563E-16,-3.399077683617E-32,-1.));
#151 = CYLINDRICAL_SURFACE('',#152,1.);
#152 = AXIS2_PLACEMENT_3D('',#153,#154,#155);
#153 = CARTESIAN_POINT('',(-12.5,-16.5,-4.));
#154 = DIRECTION('',(1.,-1.224646799147E-16,0.));
#155 = DIRECTION('',(-1.224646799147E-16,-1.,0.));
#156 = ADVANCED_FACE('',(#157),#184,.T.);
#157 = FACE_BOUND('',#158,.T.);
#158 = EDGE_LOOP('',(#159,#160,#169,#177));
#159 = ORIENTED_EDGE('',*,*,#39,.F.);
#160 = ORIENTED_EDGE('',*,*,#161,.T.);
#161 = EDGE_CURVE('',#40,#162,#164,.T.);
#162 = VERTEX_POINT('',#163);
#163 = CARTESIAN_POINT('',(12.5,-16.5,-4.));
#164 = CIRCLE('',#165,1.);
#165 = AXIS2_PLACEMENT_3D('',#166,#167,#168);
#166 = CARTESIAN_POINT('',(11.5,-16.5,-4.));
#167 = DIRECTION('',(5.72118872611E-18,-7.006435460748E-34,1.));
#168 = DIRECTION('',(1.,-1.224646799147E-16,-5.72118872611E-18));
#169 = ORIENTED_EDGE('',*,*,#170,.T.);
#170 = EDGE_CURVE('',#162,#171,#173,.T.);
#171 = VERTEX_POINT('',#172);
#172 = CARTESIAN_POINT('',(12.5,-16.5,0.5));
#173 = LINE('',#174,#175);
#174 = CARTESIAN_POINT('',(12.5,-16.5,-5.));
#175 = VECTOR('',#176,1.);
#176 = DIRECTION('',(0.,0.,1.));
#177 = ORIENTED_EDGE('',*,*,#178,.F.);
#178 = EDGE_CURVE('',#32,#171,#179,.T.);
#179 = CIRCLE('',#180,1.);
#180 = AXIS2_PLACEMENT_3D('',#181,#182,#183);
#181 = CARTESIAN_POINT('',(11.5,-16.5,0.5));
#182 = DIRECTION('',(-0.,0.,1.));
#183 = DIRECTION('',(9.95799250103E-17,-1.,0.));
#184 = CYLINDRICAL_SURFACE('',#185,1.);
#185 = AXIS2_PLACEMENT_3D('',#186,#187,#188);
#186 = CARTESIAN_POINT('',(11.5,-16.5,-5.));
#187 = DIRECTION('',(0.,0.,1.));
#188 = DIRECTION('',(-1.224646799147E-16,-1.,0.));
#189 = ADVANCED_FACE('',(#190),#343,.F.);
#190 = FACE_BOUND('',#191,.F.);
#191 = EDGE_LOOP('',(#192,#193,#201,#209,#217,#225,#233,#241,#249,#257,
    #265,#273,#281,#289,#297,#305,#313,#321,#329,#337));
#192 = ORIENTED_EDGE('',*,*,#61,.F.);
#193 = ORIENTED_EDGE('',*,*,#194,.F.);
#194 = EDGE_CURVE('',#195,#62,#197,.T.);
#195 = VERTEX_POINT('',#196);
#196 = CARTESIAN_POINT('',(-12.5,16.5,-4.));
#197 = LINE('',#198,#199);
#198 = CARTESIAN_POINT('',(-12.5,17.5,-4.));
#199 = VECTOR('',#200,1.);
#200 = DIRECTION('',(-1.224646799147E-16,-1.,0.));
#201 = ORIENTED_EDGE('',*,*,#202,.T.);
#202 = EDGE_CURVE('',#195,#203,#205,.T.);
#203 = VERTEX_POINT('',#204);
#204 = CARTESIAN_POINT('',(-12.5,16.5,0.5));
#205 = LINE('',#206,#207);
#206 = CARTESIAN_POINT('',(-12.5,16.5,-5.));
#207 = VECTOR('',#208,1.);
#208 = DIRECTION('',(0.,0.,1.));
#209 = ORIENTED_EDGE('',*,*,#210,.T.);
#210 = EDGE_CURVE('',#203,#211,#213,.T.);
#211 = VERTEX_POINT('',#212);
#212 = CARTESIAN_POINT('',(-12.5,13.,0.5));
#213 = LINE('',#214,#215);
#214 = CARTESIAN_POINT('',(-12.5,16.5,0.5));
#215 = VECTOR('',#216,1.);
#216 = DIRECTION('',(-1.224646799147E-16,-1.,0.));
#217 = ORIENTED_EDGE('',*,*,#218,.T.);
#218 = EDGE_CURVE('',#211,#219,#221,.T.);
#219 = VERTEX_POINT('',#220);
#220 = CARTESIAN_POINT('',(-12.5,13.,-3.));
#221 = LINE('',#222,#223);
#222 = CARTESIAN_POINT('',(-12.5,13.,1.));
#223 = VECTOR('',#224,1.);
#224 = DIRECTION('',(0.,0.,-1.));
#225 = ORIENTED_EDGE('',*,*,#226,.T.);
#226 = EDGE_CURVE('',#219,#227,#229,.T.);
#227 = VERTEX_POINT('',#228);
#228 = CARTESIAN_POINT('',(-12.5,12.,-3.));
#229 = LINE('',#230,#231);
#230 = CARTESIAN_POINT('',(-12.5,13.,-3.));
#231 = VECTOR('',#232,1.);
#232 = DIRECTION('',(-1.224646799147E-16,-1.,0.));
#233 = ORIENTED_EDGE('',*,*,#234,.F.);
#234 = EDGE_CURVE('',#235,#227,#237,.T.);
#235 = VERTEX_POINT('',#236);
#236 = CARTESIAN_POINT('',(-12.5,12.,0.5));
#237 = LINE('',#238,#239);
#238 = CARTESIAN_POINT('',(-12.5,12.,1.));
#239 = VECTOR('',#240,1.);
#240 = DIRECTION('',(0.,0.,-1.));
#241 = ORIENTED_EDGE('',*,*,#242,.T.);
#242 = EDGE_CURVE('',#235,#243,#245,.T.);
#243 = VERTEX_POINT('',#244);
#244 = CARTESIAN_POINT('',(-12.5,8.,0.5));
#245 = LINE('',#246,#247);
#246 = CARTESIAN_POINT('',(-12.5,12.,0.5));
#247 = VECTOR('',#248,1.);
#248 = DIRECTION('',(-1.224646799147E-16,-1.,0.));
#249 = ORIENTED_EDGE('',*,*,#250,.T.);
#250 = EDGE_CURVE('',#243,#251,#253,.T.);
#251 = VERTEX_POINT('',#252);
#252 = CARTESIAN_POINT('',(-12.5,8.,-3.));
#253 = LINE('',#254,#255);
#254 = CARTESIAN_POINT('',(-12.5,8.,1.));
#255 = VECTOR('',#256,1.);
#256 = DIRECTION('',(0.,0.,-1.));
#257 = ORIENTED_EDGE('',*,*,#258,.T.);
#258 = EDGE_CURVE('',#251,#259,#261,.T.);
#259 = VERTEX_POINT('',#260);
#260 = CARTESIAN_POINT('',(-12.5,7.,-3.));
#261 = LINE('',#262,#263);
#262 = CARTESIAN_POINT('',(-12.5,8.,-3.));
#263 = VECTOR('',#264,1.);
#264 = DIRECTION('',(-1.224646799147E-16,-1.,0.));
#265 = ORIENTED_EDGE('',*,*,#266,.F.);
#266 = EDGE_CURVE('',#267,#259,#269,.T.);
#267 = VERTEX_POINT('',#268);
#268 = CARTESIAN_POINT('',(-12.5,7.,0.5));
#269 = LINE('',#270,#271);
#270 = CARTESIAN_POINT('',(-12.5,7.,1.));
#271 = VECTOR('',#272,1.);
#272 = DIRECTION('',(0.,0.,-1.));
#273 = ORIENTED_EDGE('',*,*,#274,.T.);
#274 = EDGE_CURVE('',#267,#275,#277,.T.);
#275 = VERTEX_POINT('',#276);
#276 = CARTESIAN_POINT('',(-12.5,-7.,0.5));
#277 = LINE('',#278,#279);
#278 = CARTESIAN_POINT('',(-12.5,7.,0.5));
#279 = VECTOR('',#280,1.);
#280 = DIRECTION('',(-1.224646799147E-16,-1.,0.));
#281 = ORIENTED_EDGE('',*,*,#282,.T.);
#282 = EDGE_CURVE('',#275,#283,#285,.T.);
#283 = VERTEX_POINT('',#284);
#284 = CARTESIAN_POINT('',(-12.5,-7.,-3.));
#285 = LINE('',#286,#287);
#286 = CARTESIAN_POINT('',(-12.5,-7.,1.));
#287 = VECTOR('',#288,1.);
#288 = DIRECTION('',(0.,0.,-1.));
#289 = ORIENTED_EDGE('',*,*,#290,.T.);
#290 = EDGE_CURVE('',#283,#291,#293,.T.);
#291 = VERTEX_POINT('',#292);
#292 = CARTESIAN_POINT('',(-12.5,-8.,-3.));
#293 = LINE('',#294,#295);
#294 = CARTESIAN_POINT('',(-12.5,-7.,-3.));
#295 = VECTOR('',#296,1.);
#296 = DIRECTION('',(-1.224646799147E-16,-1.,0.));
#297 = ORIENTED_EDGE('',*,*,#298,.F.);
#298 = EDGE_CURVE('',#299,#291,#301,.T.);
#299 = VERTEX_POINT('',#300);
#300 = CARTESIAN_POINT('',(-12.5,-8.,0.5));
#301 = LINE('',#302,#303);
#302 = CARTESIAN_POINT('',(-12.5,-8.,1.));
#303 = VECTOR('',#304,1.);
#304 = DIRECTION('',(0.,0.,-1.));
#305 = ORIENTED_EDGE('',*,*,#306,.T.);
#306 = EDGE_CURVE('',#299,#307,#309,.T.);
#307 = VERTEX_POINT('',#308);
#308 = CARTESIAN_POINT('',(-12.5,-12.,0.5));
#309 = LINE('',#310,#311);
#310 = CARTESIAN_POINT('',(-12.5,-8.,0.5));
#311 = VECTOR('',#312,1.);
#312 = DIRECTION('',(-1.224646799147E-16,-1.,0.));
#313 = ORIENTED_EDGE('',*,*,#314,.T.);
#314 = EDGE_CURVE('',#307,#315,#317,.T.);
#315 = VERTEX_POINT('',#316);
#316 = CARTESIAN_POINT('',(-12.5,-12.,-3.));
#317 = LINE('',#318,#319);
#318 = CARTESIAN_POINT('',(-12.5,-12.,1.));
#319 = VECTOR('',#320,1.);
#320 = DIRECTION('',(0.,0.,-1.));
#321 = ORIENTED_EDGE('',*,*,#322,.T.);
#322 = EDGE_CURVE('',#315,#323,#325,.T.);
#323 = VERTEX_POINT('',#324);
#324 = CARTESIAN_POINT('',(-12.5,-13.,-3.));
#325 = LINE('',#326,#327);
#326 = CARTESIAN_POINT('',(-12.5,-12.,-3.));
#327 = VECTOR('',#328,1.);
#328 = DIRECTION('',(-1.224646799147E-16,-1.,0.));
#329 = ORIENTED_EDGE('',*,*,#330,.F.);
#330 = EDGE_CURVE('',#331,#323,#333,.T.);
#331 = VERTEX_POINT('',#332);
#332 = CARTESIAN_POINT('',(-12.5,-13.,0.5));
#333 = LINE('',#334,#335);
#334 = CARTESIAN_POINT('',(-12.5,-13.,1.));
#335 = VECTOR('',#336,1.);
#336 = DIRECTION('',(0.,0.,-1.));
#337 = ORIENTED_EDGE('',*,*,#338,.T.);
#338 = EDGE_CURVE('',#331,#64,#339,.T.);
#339 = LINE('',#340,#341);
#340 = CARTESIAN_POINT('',(-12.5,-13.,0.5));
#341 = VECTOR('',#342,1.);
#342 = DIRECTION('',(-1.224646799147E-16,-1.,0.));
#343 = PLANE('',#344);
#344 = AXIS2_PLACEMENT_3D('',#345,#346,#347);
#345 = CARTESIAN_POINT('',(-12.5,17.5,-5.));
#346 = DIRECTION('',(1.,-1.224646799147E-16,0.));
#347 = DIRECTION('',(-1.224646799147E-16,-1.,0.));
#348 = ADVANCED_FACE('',(#349),#369,.T.);
#349 = FACE_BOUND('',#350,.F.);
#350 = EDGE_LOOP('',(#351,#360,#367,#368));
#351 = ORIENTED_EDGE('',*,*,#352,.F.);
#352 = EDGE_CURVE('',#353,#64,#355,.T.);
#353 = VERTEX_POINT('',#354);
#354 = CARTESIAN_POINT('',(-12.,-16.5,1.));
#355 = CIRCLE('',#356,0.5);
#356 = AXIS2_PLACEMENT_3D('',#357,#358,#359);
#357 = CARTESIAN_POINT('',(-12.,-16.5,0.5));
#358 = DIRECTION('',(-1.224646799147E-16,-1.,0.));
#359 = DIRECTION('',(0.,0.,1.));
#360 = ORIENTED_EDGE('',*,*,#361,.T.);
#361 = EDGE_CURVE('',#353,#95,#362,.T.);
#362 = CIRCLE('',#363,0.5);
#363 = AXIS2_PLACEMENT_3D('',#364,#365,#366);
#364 = CARTESIAN_POINT('',(-11.5,-16.5,1.));
#365 = DIRECTION('',(0.,0.,1.));
#366 = DIRECTION('',(-1.,1.224646799147E-16,0.));
#367 = ORIENTED_EDGE('',*,*,#94,.T.);
#368 = ORIENTED_EDGE('',*,*,#71,.F.);
#369 = TOROIDAL_SURFACE('',#370,0.5,0.5);
#370 = AXIS2_PLACEMENT_3D('',#371,#372,#373);
#371 = CARTESIAN_POINT('',(-11.5,-16.5,0.5));
#372 = DIRECTION('',(0.,0.,-1.));
#373 = DIRECTION('',(-1.,1.224646799147E-16,0.));
#374 = ADVANCED_FACE('',(#375),#386,.T.);
#375 = FACE_BOUND('',#376,.F.);
#376 = EDGE_LOOP('',(#377,#384,#385));
#377 = ORIENTED_EDGE('',*,*,#378,.F.);
#378 = EDGE_CURVE('',#62,#129,#379,.T.);
#379 = CIRCLE('',#380,1.);
#380 = AXIS2_PLACEMENT_3D('',#381,#382,#383);
#381 = CARTESIAN_POINT('',(-11.5,-16.5,-4.));
#382 = DIRECTION('',(-1.224646799147E-16,-1.,-0.));
#383 = DIRECTION('',(0.,0.,-1.));
#384 = ORIENTED_EDGE('',*,*,#79,.T.);
#385 = ORIENTED_EDGE('',*,*,#128,.F.);
#386 = SPHERICAL_SURFACE('',#387,1.);
#387 = AXIS2_PLACEMENT_3D('',#388,#389,#390);
#388 = CARTESIAN_POINT('',(-11.5,-16.5,-4.));
#389 = DIRECTION('',(1.,-1.224646799147E-16,0.));
#390 = DIRECTION('',(0.,0.,-1.));
#391 = ADVANCED_FACE('',(#392),#459,.T.);
#392 = FACE_BOUND('',#393,.T.);
#393 = EDGE_LOOP('',(#394,#404,#412,#420,#428,#436,#442,#443,#444,#453)
  );
#394 = ORIENTED_EDGE('',*,*,#395,.F.);
#395 = EDGE_CURVE('',#396,#398,#400,.T.);
#396 = VERTEX_POINT('',#397);
#397 = CARTESIAN_POINT('',(11.2,-13.,1.));
#398 = VERTEX_POINT('',#399);
#399 = CARTESIAN_POINT('',(12.,-13.,1.));
#400 = LINE('',#401,#402);
#401 = CARTESIAN_POINT('',(11.2,-13.,1.));
#402 = VECTOR('',#403,1.);
#403 = DIRECTION('',(1.,-1.224646799147E-16,0.));
#404 = ORIENTED_EDGE('',*,*,#405,.F.);
#405 = EDGE_CURVE('',#406,#396,#408,.T.);
#406 = VERTEX_POINT('',#407);
#407 = CARTESIAN_POINT('',(11.2,-16.2,1.));
#408 = LINE('',#409,#410);
#409 = CARTESIAN_POINT('',(11.2,-16.2,1.));
#410 = VECTOR('',#411,1.);
#411 = DIRECTION('',(1.224646799147E-16,1.,0.));
#412 = ORIENTED_EDGE('',*,*,#413,.F.);
#413 = EDGE_CURVE('',#414,#406,#416,.T.);
#414 = VERTEX_POINT('',#415);
#415 = CARTESIAN_POINT('',(-11.2,-16.2,1.));
#416 = LINE('',#417,#418);
#417 = CARTESIAN_POINT('',(-11.2,-16.2,1.));
#418 = VECTOR('',#419,1.);
#419 = DIRECTION('',(1.,-1.224646799147E-16,0.));
#420 = ORIENTED_EDGE('',*,*,#421,.F.);
#421 = EDGE_CURVE('',#422,#414,#424,.T.);
#422 = VERTEX_POINT('',#423);
#423 = CARTESIAN_POINT('',(-11.2,-13.,1.));
#424 = LINE('',#425,#426);
#425 = CARTESIAN_POINT('',(-11.2,16.2,1.));
#426 = VECTOR('',#427,1.);
#427 = DIRECTION('',(-1.224646799147E-16,-1.,0.));
#428 = ORIENTED_EDGE('',*,*,#429,.F.);
#429 = EDGE_CURVE('',#430,#422,#432,.T.);
#430 = VERTEX_POINT('',#431);
#431 = CARTESIAN_POINT('',(-12.,-13.,1.));
#432 = LINE('',#433,#434);
#433 = CARTESIAN_POINT('',(-12.5,-13.,1.));
#434 = VECTOR('',#435,1.);
#435 = DIRECTION('',(1.,-1.224646799147E-16,0.));
#436 = ORIENTED_EDGE('',*,*,#437,.T.);
#437 = EDGE_CURVE('',#430,#353,#438,.T.);
#438 = LINE('',#439,#440);
#439 = CARTESIAN_POINT('',(-12.,-13.,1.));
#440 = VECTOR('',#441,1.);
#441 = DIRECTION('',(-1.224646799147E-16,-1.,0.));
#442 = ORIENTED_EDGE('',*,*,#361,.T.);
#443 = ORIENTED_EDGE('',*,*,#113,.T.);
#444 = ORIENTED_EDGE('',*,*,#445,.T.);
#445 = EDGE_CURVE('',#105,#446,#448,.T.);
#446 = VERTEX_POINT('',#447);
#447 = CARTESIAN_POINT('',(12.,-16.5,1.));
#448 = CIRCLE('',#449,0.5);
#449 = AXIS2_PLACEMENT_3D('',#450,#451,#452);
#450 = CARTESIAN_POINT('',(11.5,-16.5,1.));
#451 = DIRECTION('',(-0.,0.,1.));
#452 = DIRECTION('',(9.95799250103E-17,-1.,0.));
#453 = ORIENTED_EDGE('',*,*,#454,.T.);
#454 = EDGE_CURVE('',#446,#398,#455,.T.);
#455 = LINE('',#456,#457);
#456 = CARTESIAN_POINT('',(12.,-16.5,1.));
#457 = VECTOR('',#458,1.);
#458 = DIRECTION('',(1.224646799147E-16,1.,0.));
#459 = PLANE('',#460);
#460 = AXIS2_PLACEMENT_3D('',#461,#462,#463);
#461 = CARTESIAN_POINT('',(-1.7763568394E-15,0.,1.));
#462 = DIRECTION('',(0.,0.,1.));
#463 = DIRECTION('',(1.,-1.224646799147E-16,0.));
#464 = ADVANCED_FACE('',(#465),#477,.T.);
#465 = FACE_BOUND('',#466,.F.);
#466 = EDGE_LOOP('',(#467,#468,#469,#476));
#467 = ORIENTED_EDGE('',*,*,#104,.F.);
#468 = ORIENTED_EDGE('',*,*,#445,.T.);
#469 = ORIENTED_EDGE('',*,*,#470,.T.);
#470 = EDGE_CURVE('',#446,#171,#471,.T.);
#471 = CIRCLE('',#472,0.5);
#472 = AXIS2_PLACEMENT_3D('',#473,#474,#475);
#473 = CARTESIAN_POINT('',(12.,-16.5,0.5));
#474 = DIRECTION('',(-3.834758505293E-17,1.,0.));
#475 = DIRECTION('',(1.,3.834758505293E-17,0.));
#476 = ORIENTED_EDGE('',*,*,#178,.F.);
#477 = TOROIDAL_SURFACE('',#478,0.5,0.5);
#478 = AXIS2_PLACEMENT_3D('',#479,#480,#481);
#479 = CARTESIAN_POINT('',(11.5,-16.5,0.5));
#480 = DIRECTION('',(0.,0.,-1.));
#481 = DIRECTION('',(9.95799250103E-17,-1.,0.));
#482 = ADVANCED_FACE('',(#483),#494,.T.);
#483 = FACE_BOUND('',#484,.F.);
#484 = EDGE_LOOP('',(#485,#486,#487));
#485 = ORIENTED_EDGE('',*,*,#145,.F.);
#486 = ORIENTED_EDGE('',*,*,#161,.T.);
#487 = ORIENTED_EDGE('',*,*,#488,.F.);
#488 = EDGE_CURVE('',#138,#162,#489,.T.);
#489 = CIRCLE('',#490,1.);
#490 = AXIS2_PLACEMENT_3D('',#491,#492,#493);
#491 = CARTESIAN_POINT('',(11.5,-16.5,-4.));
#492 = DIRECTION('',(-1.224646799147E-16,-1.,0.));
#493 = DIRECTION('',(2.775557561563E-16,-3.399077683617E-32,-1.));
#494 = SPHERICAL_SURFACE('',#495,1.);
#495 = AXIS2_PLACEMENT_3D('',#496,#497,#498);
#496 = CARTESIAN_POINT('',(11.5,-16.5,-4.));
#497 = DIRECTION('',(1.224646799147E-16,1.,0.));
#498 = DIRECTION('',(2.775557561563E-16,-3.399077683617E-32,-1.));
#499 = ADVANCED_FACE('',(#500),#525,.F.);
#500 = FACE_BOUND('',#501,.F.);
#501 = EDGE_LOOP('',(#502,#512,#518,#519));
#502 = ORIENTED_EDGE('',*,*,#503,.T.);
#503 = EDGE_CURVE('',#504,#506,#508,.T.);
#504 = VERTEX_POINT('',#505);
#505 = CARTESIAN_POINT('',(11.5,16.5,-5.));
#506 = VERTEX_POINT('',#507);
#507 = CARTESIAN_POINT('',(-11.5,16.5,-5.));
#508 = LINE('',#509,#510);
#509 = CARTESIAN_POINT('',(12.5,16.5,-5.));
#510 = VECTOR('',#511,1.);
#511 = DIRECTION('',(-1.,1.224646799147E-16,0.));
#512 = ORIENTED_EDGE('',*,*,#513,.T.);
#513 = EDGE_CURVE('',#506,#129,#514,.T.);
#514 = LINE('',#515,#516);
#515 = CARTESIAN_POINT('',(-11.5,17.5,-5.));
#516 = VECTOR('',#517,1.);
#517 = DIRECTION('',(-1.224646799147E-16,-1.,0.));
#518 = ORIENTED_EDGE('',*,*,#137,.T.);
#519 = ORIENTED_EDGE('',*,*,#520,.T.);
#520 = EDGE_CURVE('',#138,#504,#521,.T.);
#521 = LINE('',#522,#523);
#522 = CARTESIAN_POINT('',(11.5,-17.5,-5.));
#523 = VECTOR('',#524,1.);
#524 = DIRECTION('',(1.224646799147E-16,1.,0.));
#525 = PLANE('',#526);
#526 = AXIS2_PLACEMENT_3D('',#527,#528,#529);
#527 = CARTESIAN_POINT('',(-1.7763568394E-15,0.,-5.));
#528 = DIRECTION('',(0.,0.,1.));
#529 = DIRECTION('',(1.,-1.224646799147E-16,0.));
#530 = ADVANCED_FACE('',(#531),#684,.F.);
#531 = FACE_BOUND('',#532,.F.);
#532 = EDGE_LOOP('',(#533,#543,#549,#550,#558,#566,#574,#582,#590,#598,
    #606,#614,#622,#630,#638,#646,#654,#662,#670,#678));
#533 = ORIENTED_EDGE('',*,*,#534,.F.);
#534 = EDGE_CURVE('',#535,#537,#539,.T.);
#535 = VERTEX_POINT('',#536);
#536 = CARTESIAN_POINT('',(12.5,16.5,-4.));
#537 = VERTEX_POINT('',#538);
#538 = CARTESIAN_POINT('',(12.5,16.5,0.5));
#539 = LINE('',#540,#541);
#540 = CARTESIAN_POINT('',(12.5,16.5,-5.));
#541 = VECTOR('',#542,1.);
#542 = DIRECTION('',(0.,0.,1.));
#543 = ORIENTED_EDGE('',*,*,#544,.F.);
#544 = EDGE_CURVE('',#162,#535,#545,.T.);
#545 = LINE('',#546,#547);
#546 = CARTESIAN_POINT('',(12.5,-17.5,-4.));
#547 = VECTOR('',#548,1.);
#548 = DIRECTION('',(1.224646799147E-16,1.,0.));
#549 = ORIENTED_EDGE('',*,*,#170,.T.);
#550 = ORIENTED_EDGE('',*,*,#551,.T.);
#551 = EDGE_CURVE('',#171,#552,#554,.T.);
#552 = VERTEX_POINT('',#553);
#553 = CARTESIAN_POINT('',(12.5,-13.,0.5));
#554 = LINE('',#555,#556);
#555 = CARTESIAN_POINT('',(12.5,-16.5,0.5));
#556 = VECTOR('',#557,1.);
#557 = DIRECTION('',(1.224646799147E-16,1.,0.));
#558 = ORIENTED_EDGE('',*,*,#559,.T.);
#559 = EDGE_CURVE('',#552,#560,#562,.T.);
#560 = VERTEX_POINT('',#561);
#561 = CARTESIAN_POINT('',(12.5,-13.,-3.));
#562 = LINE('',#563,#564);
#563 = CARTESIAN_POINT('',(12.5,-13.,1.));
#564 = VECTOR('',#565,1.);
#565 = DIRECTION('',(0.,0.,-1.));
#566 = ORIENTED_EDGE('',*,*,#567,.T.);
#567 = EDGE_CURVE('',#560,#568,#570,.T.);
#568 = VERTEX_POINT('',#569);
#569 = CARTESIAN_POINT('',(12.5,-12.,-3.));
#570 = LINE('',#571,#572);
#571 = CARTESIAN_POINT('',(12.5,-13.,-3.));
#572 = VECTOR('',#573,1.);
#573 = DIRECTION('',(1.224646799147E-16,1.,0.));
#574 = ORIENTED_EDGE('',*,*,#575,.F.);
#575 = EDGE_CURVE('',#576,#568,#578,.T.);
#576 = VERTEX_POINT('',#577);
#577 = CARTESIAN_POINT('',(12.5,-12.,0.5));
#578 = LINE('',#579,#580);
#579 = CARTESIAN_POINT('',(12.5,-12.,1.));
#580 = VECTOR('',#581,1.);
#581 = DIRECTION('',(0.,0.,-1.));
#582 = ORIENTED_EDGE('',*,*,#583,.T.);
#583 = EDGE_CURVE('',#576,#584,#586,.T.);
#584 = VERTEX_POINT('',#585);
#585 = CARTESIAN_POINT('',(12.5,-8.,0.5));
#586 = LINE('',#587,#588);
#587 = CARTESIAN_POINT('',(12.5,-12.,0.5));
#588 = VECTOR('',#589,1.);
#589 = DIRECTION('',(1.224646799147E-16,1.,0.));
#590 = ORIENTED_EDGE('',*,*,#591,.T.);
#591 = EDGE_CURVE('',#584,#592,#594,.T.);
#592 = VERTEX_POINT('',#593);
#593 = CARTESIAN_POINT('',(12.5,-8.,-3.));
#594 = LINE('',#595,#596);
#595 = CARTESIAN_POINT('',(12.5,-8.,1.));
#596 = VECTOR('',#597,1.);
#597 = DIRECTION('',(0.,0.,-1.));
#598 = ORIENTED_EDGE('',*,*,#599,.T.);
#599 = EDGE_CURVE('',#592,#600,#602,.T.);
#600 = VERTEX_POINT('',#601);
#601 = CARTESIAN_POINT('',(12.5,-7.,-3.));
#602 = LINE('',#603,#604);
#603 = CARTESIAN_POINT('',(12.5,-8.,-3.));
#604 = VECTOR('',#605,1.);
#605 = DIRECTION('',(1.224646799147E-16,1.,0.));
#606 = ORIENTED_EDGE('',*,*,#607,.F.);
#607 = EDGE_CURVE('',#608,#600,#610,.T.);
#608 = VERTEX_POINT('',#609);
#609 = CARTESIAN_POINT('',(12.5,-7.,0.5));
#610 = LINE('',#611,#612);
#611 = CARTESIAN_POINT('',(12.5,-7.,1.));
#612 = VECTOR('',#613,1.);
#613 = DIRECTION('',(0.,0.,-1.));
#614 = ORIENTED_EDGE('',*,*,#615,.T.);
#615 = EDGE_CURVE('',#608,#616,#618,.T.);
#616 = VERTEX_POINT('',#617);
#617 = CARTESIAN_POINT('',(12.5,7.,0.5));
#618 = LINE('',#619,#620);
#619 = CARTESIAN_POINT('',(12.5,-7.,0.5));
#620 = VECTOR('',#621,1.);
#621 = DIRECTION('',(1.224646799147E-16,1.,0.));
#622 = ORIENTED_EDGE('',*,*,#623,.T.);
#623 = EDGE_CURVE('',#616,#624,#626,.T.);
#624 = VERTEX_POINT('',#625);
#625 = CARTESIAN_POINT('',(12.5,7.,-3.));
#626 = LINE('',#627,#628);
#627 = CARTESIAN_POINT('',(12.5,7.,1.));
#628 = VECTOR('',#629,1.);
#629 = DIRECTION('',(0.,0.,-1.));
#630 = ORIENTED_EDGE('',*,*,#631,.T.);
#631 = EDGE_CURVE('',#624,#632,#634,.T.);
#632 = VERTEX_POINT('',#633);
#633 = CARTESIAN_POINT('',(12.5,8.,-3.));
#634 = LINE('',#635,#636);
#635 = CARTESIAN_POINT('',(12.5,7.,-3.));
#636 = VECTOR('',#637,1.);
#637 = DIRECTION('',(1.224646799147E-16,1.,0.));
#638 = ORIENTED_EDGE('',*,*,#639,.F.);
#639 = EDGE_CURVE('',#640,#632,#642,.T.);
#640 = VERTEX_POINT('',#641);
#641 = CARTESIAN_POINT('',(12.5,8.,0.5));
#642 = LINE('',#643,#644);
#643 = CARTESIAN_POINT('',(12.5,8.,1.));
#644 = VECTOR('',#645,1.);
#645 = DIRECTION('',(0.,0.,-1.));
#646 = ORIENTED_EDGE('',*,*,#647,.T.);
#647 = EDGE_CURVE('',#640,#648,#650,.T.);
#648 = VERTEX_POINT('',#649);
#649 = CARTESIAN_POINT('',(12.5,12.,0.5));
#650 = LINE('',#651,#652);
#651 = CARTESIAN_POINT('',(12.5,8.,0.5));
#652 = VECTOR('',#653,1.);
#653 = DIRECTION('',(1.224646799147E-16,1.,0.));
#654 = ORIENTED_EDGE('',*,*,#655,.T.);
#655 = EDGE_CURVE('',#648,#656,#658,.T.);
#656 = VERTEX_POINT('',#657);
#657 = CARTESIAN_POINT('',(12.5,12.,-3.));
#658 = LINE('',#659,#660);
#659 = CARTESIAN_POINT('',(12.5,12.,1.));
#660 = VECTOR('',#661,1.);
#661 = DIRECTION('',(0.,0.,-1.));
#662 = ORIENTED_EDGE('',*,*,#663,.T.);
#663 = EDGE_CURVE('',#656,#664,#666,.T.);
#664 = VERTEX_POINT('',#665);
#665 = CARTESIAN_POINT('',(12.5,13.,-3.));
#666 = LINE('',#667,#668);
#667 = CARTESIAN_POINT('',(12.5,12.,-3.));
#668 = VECTOR('',#669,1.);
#669 = DIRECTION('',(1.224646799147E-16,1.,0.));
#670 = ORIENTED_EDGE('',*,*,#671,.F.);
#671 = EDGE_CURVE('',#672,#664,#674,.T.);
#672 = VERTEX_POINT('',#673);
#673 = CARTESIAN_POINT('',(12.5,13.,0.5));
#674 = LINE('',#675,#676);
#675 = CARTESIAN_POINT('',(12.5,13.,1.));
#676 = VECTOR('',#677,1.);
#677 = DIRECTION('',(0.,0.,-1.));
#678 = ORIENTED_EDGE('',*,*,#679,.T.);
#679 = EDGE_CURVE('',#672,#537,#680,.T.);
#680 = LINE('',#681,#682);
#681 = CARTESIAN_POINT('',(12.5,13.,0.5));
#682 = VECTOR('',#683,1.);
#683 = DIRECTION('',(1.224646799147E-16,1.,0.));
#684 = PLANE('',#685);
#685 = AXIS2_PLACEMENT_3D('',#686,#687,#688);
#686 = CARTESIAN_POINT('',(12.5,-17.5,-5.));
#687 = DIRECTION('',(-1.,1.224646799147E-16,0.));
#688 = DIRECTION('',(1.224646799147E-16,1.,0.));
#689 = ADVANCED_FACE('',(#690),#702,.T.);
#690 = FACE_BOUND('',#691,.T.);
#691 = EDGE_LOOP('',(#692,#699,#700,#701));
#692 = ORIENTED_EDGE('',*,*,#693,.T.);
#693 = EDGE_CURVE('',#430,#331,#694,.T.);
#694 = CIRCLE('',#695,0.5);
#695 = AXIS2_PLACEMENT_3D('',#696,#697,#698);
#696 = CARTESIAN_POINT('',(-12.,-13.,0.5));
#697 = DIRECTION('',(-1.224646799147E-16,-1.,0.));
#698 = DIRECTION('',(0.,0.,1.));
#699 = ORIENTED_EDGE('',*,*,#338,.T.);
#700 = ORIENTED_EDGE('',*,*,#352,.F.);
#701 = ORIENTED_EDGE('',*,*,#437,.F.);
#702 = CYLINDRICAL_SURFACE('',#703,0.5);
#703 = AXIS2_PLACEMENT_3D('',#704,#705,#706);
#704 = CARTESIAN_POINT('',(-12.,-13.,0.5));
#705 = DIRECTION('',(-1.224646799147E-16,-1.,0.));
#706 = DIRECTION('',(0.,0.,1.));
#707 = ADVANCED_FACE('',(#708),#720,.T.);
#708 = FACE_BOUND('',#709,.T.);
#709 = EDGE_LOOP('',(#710,#717,#718,#719));
#710 = ORIENTED_EDGE('',*,*,#711,.T.);
#711 = EDGE_CURVE('',#195,#506,#712,.T.);
#712 = CIRCLE('',#713,1.);
#713 = AXIS2_PLACEMENT_3D('',#714,#715,#716);
#714 = CARTESIAN_POINT('',(-11.5,16.5,-4.));
#715 = DIRECTION('',(-1.224646799147E-16,-1.,1.232595164408E-32));
#716 = DIRECTION('',(-1.509493722737E-48,-1.232595164408E-32,-1.));
#717 = ORIENTED_EDGE('',*,*,#513,.T.);
#718 = ORIENTED_EDGE('',*,*,#378,.F.);
#719 = ORIENTED_EDGE('',*,*,#194,.F.);
#720 = CYLINDRICAL_SURFACE('',#721,1.);
#721 = AXIS2_PLACEMENT_3D('',#722,#723,#724);
#722 = CARTESIAN_POINT('',(-11.5,17.5,-4.));
#723 = DIRECTION('',(-1.224646799147E-16,-1.,0.));
#724 = DIRECTION('',(-1.,1.224646799147E-16,0.));
#725 = ADVANCED_FACE('',(#726),#745,.F.);
#726 = FACE_BOUND('',#727,.F.);
#727 = EDGE_LOOP('',(#728,#729,#737,#743,#744));
#728 = ORIENTED_EDGE('',*,*,#330,.T.);
#729 = ORIENTED_EDGE('',*,*,#730,.T.);
#730 = EDGE_CURVE('',#323,#731,#733,.T.);
#731 = VERTEX_POINT('',#732);
#732 = CARTESIAN_POINT('',(-11.2,-13.,-3.));
#733 = LINE('',#734,#735);
#734 = CARTESIAN_POINT('',(-12.5,-13.,-3.));
#735 = VECTOR('',#736,1.);
#736 = DIRECTION('',(1.,-1.224646799147E-16,0.));
#737 = ORIENTED_EDGE('',*,*,#738,.F.);
#738 = EDGE_CURVE('',#422,#731,#739,.T.);
#739 = LINE('',#740,#741);
#740 = CARTESIAN_POINT('',(-11.2,-13.,1.));
#741 = VECTOR('',#742,1.);
#742 = DIRECTION('',(0.,0.,-1.));
#743 = ORIENTED_EDGE('',*,*,#429,.F.);
#744 = ORIENTED_EDGE('',*,*,#693,.T.);
#745 = PLANE('',#746);
#746 = AXIS2_PLACEMENT_3D('',#747,#748,#749);
#747 = CARTESIAN_POINT('',(-12.5,-13.,1.));
#748 = DIRECTION('',(-2.464679914735E-18,-1.,0.));
#749 = DIRECTION('',(1.,-2.464679914735E-18,0.));
#750 = ADVANCED_FACE('',(#751),#778,.T.);
#751 = FACE_BOUND('',#752,.F.);
#752 = EDGE_LOOP('',(#753,#754,#763,#771));
#753 = ORIENTED_EDGE('',*,*,#202,.F.);
#754 = ORIENTED_EDGE('',*,*,#755,.T.);
#755 = EDGE_CURVE('',#195,#756,#758,.T.);
#756 = VERTEX_POINT('',#757);
#757 = CARTESIAN_POINT('',(-11.5,17.5,-4.));
#758 = CIRCLE('',#759,1.);
#759 = AXIS2_PLACEMENT_3D('',#760,#761,#762);
#760 = CARTESIAN_POINT('',(-11.5,16.5,-4.));
#761 = DIRECTION('',(-7.498798913309E-33,-6.123233995737E-17,-1.));
#762 = DIRECTION('',(1.224646799147E-16,1.,-6.123233995737E-17));
#763 = ORIENTED_EDGE('',*,*,#764,.T.);
#764 = EDGE_CURVE('',#756,#765,#767,.T.);
#765 = VERTEX_POINT('',#766);
#766 = CARTESIAN_POINT('',(-11.5,17.5,0.5));
#767 = LINE('',#768,#769);
#768 = CARTESIAN_POINT('',(-11.5,17.5,-5.));
#769 = VECTOR('',#770,1.);
#770 = DIRECTION('',(0.,0.,1.));
#771 = ORIENTED_EDGE('',*,*,#772,.T.);
#772 = EDGE_CURVE('',#765,#203,#773,.T.);
#773 = CIRCLE('',#774,1.);
#774 = AXIS2_PLACEMENT_3D('',#775,#776,#777);
#775 = CARTESIAN_POINT('',(-11.5,16.5,0.5));
#776 = DIRECTION('',(0.,-0.,1.));
#777 = DIRECTION('',(1.224646799147E-16,1.,0.));
#778 = CYLINDRICAL_SURFACE('',#779,1.);
#779 = AXIS2_PLACEMENT_3D('',#780,#781,#782);
#780 = CARTESIAN_POINT('',(-11.5,16.5,-5.));
#781 = DIRECTION('',(0.,0.,1.));
#782 = DIRECTION('',(-1.,1.224646799147E-16,0.));
#783 = ADVANCED_FACE('',(#784),#802,.T.);
#784 = FACE_BOUND('',#785,.T.);
#785 = EDGE_LOOP('',(#786,#787,#795,#801));
#786 = ORIENTED_EDGE('',*,*,#730,.T.);
#787 = ORIENTED_EDGE('',*,*,#788,.T.);
#788 = EDGE_CURVE('',#731,#789,#791,.T.);
#789 = VERTEX_POINT('',#790);
#790 = CARTESIAN_POINT('',(-11.2,-12.,-3.));
#791 = LINE('',#792,#793);
#792 = CARTESIAN_POINT('',(-11.2,-13.,-3.));
#793 = VECTOR('',#794,1.);
#794 = DIRECTION('',(1.224646799147E-16,1.,0.));
#795 = ORIENTED_EDGE('',*,*,#796,.T.);
#796 = EDGE_CURVE('',#789,#315,#797,.T.);
#797 = LINE('',#798,#799);
#798 = CARTESIAN_POINT('',(-11.2,-12.,-3.));
#799 = VECTOR('',#800,1.);
#800 = DIRECTION('',(-1.,1.224646799147E-16,0.));
#801 = ORIENTED_EDGE('',*,*,#322,.T.);
#802 = PLANE('',#803);
#803 = AXIS2_PLACEMENT_3D('',#804,#805,#806);
#804 = CARTESIAN_POINT('',(-1.7763568394E-15,0.,-3.));
#805 = DIRECTION('',(0.,0.,1.));
#806 = DIRECTION('',(1.,-1.224646799147E-16,0.));
#807 = ADVANCED_FACE('',(#808),#835,.T.);
#808 = FACE_BOUND('',#809,.T.);
#809 = EDGE_LOOP('',(#810,#819,#820,#829));
#810 = ORIENTED_EDGE('',*,*,#811,.T.);
#811 = EDGE_CURVE('',#812,#203,#814,.T.);
#812 = VERTEX_POINT('',#813);
#813 = CARTESIAN_POINT('',(-12.,16.5,1.));
#814 = CIRCLE('',#815,0.5);
#815 = AXIS2_PLACEMENT_3D('',#816,#817,#818);
#816 = CARTESIAN_POINT('',(-12.,16.5,0.5));
#817 = DIRECTION('',(-1.836970198721E-16,-1.,-0.));
#818 = DIRECTION('',(-1.,1.836970198721E-16,0.));
#819 = ORIENTED_EDGE('',*,*,#210,.T.);
#820 = ORIENTED_EDGE('',*,*,#821,.F.);
#821 = EDGE_CURVE('',#822,#211,#824,.T.);
#822 = VERTEX_POINT('',#823);
#823 = CARTESIAN_POINT('',(-12.,13.,1.));
#824 = CIRCLE('',#825,0.5);
#825 = AXIS2_PLACEMENT_3D('',#826,#827,#828);
#826 = CARTESIAN_POINT('',(-12.,13.,0.5));
#827 = DIRECTION('',(-1.224646799147E-16,-1.,0.));
#828 = DIRECTION('',(0.,0.,1.));
#829 = ORIENTED_EDGE('',*,*,#830,.F.);
#830 = EDGE_CURVE('',#812,#822,#831,.T.);
#831 = LINE('',#832,#833);
#832 = CARTESIAN_POINT('',(-12.,16.5,1.));
#833 = VECTOR('',#834,1.);
#834 = DIRECTION('',(-1.224646799147E-16,-1.,0.));
#835 = CYLINDRICAL_SURFACE('',#836,0.5);
#836 = AXIS2_PLACEMENT_3D('',#837,#838,#839);
#837 = CARTESIAN_POINT('',(-12.,16.5,0.5));
#838 = DIRECTION('',(-1.224646799147E-16,-1.,0.));
#839 = DIRECTION('',(0.,0.,1.));
#840 = ADVANCED_FACE('',(#841),#884,.T.);
#841 = FACE_BOUND('',#842,.T.);
#842 = EDGE_LOOP('',(#843,#853,#860,#861,#862,#870,#878));
#843 = ORIENTED_EDGE('',*,*,#844,.T.);
#844 = EDGE_CURVE('',#845,#847,#849,.T.);
#845 = VERTEX_POINT('',#846);
#846 = CARTESIAN_POINT('',(-11.2,-12.,1.));
#847 = VERTEX_POINT('',#848);
#848 = CARTESIAN_POINT('',(-12.,-12.,1.));
#849 = LINE('',#850,#851);
#850 = CARTESIAN_POINT('',(-11.2,-12.,1.));
#851 = VECTOR('',#852,1.);
#852 = DIRECTION('',(-1.,1.224646799147E-16,0.));
#853 = ORIENTED_EDGE('',*,*,#854,.F.);
#854 = EDGE_CURVE('',#307,#847,#855,.T.);
#855 = CIRCLE('',#856,0.5);
#856 = AXIS2_PLACEMENT_3D('',#857,#858,#859);
#857 = CARTESIAN_POINT('',(-12.,-12.,0.5));
#858 = DIRECTION('',(1.224646799147E-16,1.,-0.));
#859 = DIRECTION('',(0.,0.,1.));
#860 = ORIENTED_EDGE('',*,*,#314,.T.);
#861 = ORIENTED_EDGE('',*,*,#796,.F.);
#862 = ORIENTED_EDGE('',*,*,#863,.F.);
#863 = EDGE_CURVE('',#864,#789,#866,.T.);
#864 = VERTEX_POINT('',#865);
#865 = CARTESIAN_POINT('',(-11.2,-12.,1.7763568394E-15));
#866 = LINE('',#867,#868);
#867 = CARTESIAN_POINT('',(-11.2,-12.,1.));
#868 = VECTOR('',#869,1.);
#869 = DIRECTION('',(0.,0.,-1.));
#870 = ORIENTED_EDGE('',*,*,#871,.T.);
#871 = EDGE_CURVE('',#864,#872,#874,.T.);
#872 = VERTEX_POINT('',#873);
#873 = CARTESIAN_POINT('',(-10.6,-12.,1.7763568394E-15));
#874 = LINE('',#875,#876);
#875 = CARTESIAN_POINT('',(-11.2,-12.,1.7763568394E-15));
#876 = VECTOR('',#877,1.);
#877 = DIRECTION('',(1.,-1.224646799147E-16,0.));
#878 = ORIENTED_EDGE('',*,*,#879,.T.);
#879 = EDGE_CURVE('',#872,#845,#880,.T.);
#880 = LINE('',#881,#882);
#881 = CARTESIAN_POINT('',(-10.6,-12.,1.7763568394E-15));
#882 = VECTOR('',#883,1.);
#883 = DIRECTION('',(-0.514495755428,6.300755800592E-17,0.857492925713)
  );
#884 = PLANE('',#885);
#885 = AXIS2_PLACEMENT_3D('',#886,#887,#888);
#886 = CARTESIAN_POINT('',(-11.75956680948,-12.,-0.925279663622));
#887 = DIRECTION('',(7.875353200853E-16,-1.,0.));
#888 = DIRECTION('',(-1.,-7.875353200853E-16,0.));
#889 = ADVANCED_FACE('',(#890),#916,.F.);
#890 = FACE_BOUND('',#891,.F.);
#891 = EDGE_LOOP('',(#892,#893,#894,#902,#910));
#892 = ORIENTED_EDGE('',*,*,#218,.F.);
#893 = ORIENTED_EDGE('',*,*,#821,.F.);
#894 = ORIENTED_EDGE('',*,*,#895,.F.);
#895 = EDGE_CURVE('',#896,#822,#898,.T.);
#896 = VERTEX_POINT('',#897);
#897 = CARTESIAN_POINT('',(-11.2,13.,1.));
#898 = LINE('',#899,#900);
#899 = CARTESIAN_POINT('',(-11.2,13.,1.));
#900 = VECTOR('',#901,1.);
#901 = DIRECTION('',(-1.,1.224646799147E-16,0.));
#902 = ORIENTED_EDGE('',*,*,#903,.T.);
#903 = EDGE_CURVE('',#896,#904,#906,.T.);
#904 = VERTEX_POINT('',#905);
#905 = CARTESIAN_POINT('',(-11.2,13.,-3.));
#906 = LINE('',#907,#908);
#907 = CARTESIAN_POINT('',(-11.2,13.,1.));
#908 = VECTOR('',#909,1.);
#909 = DIRECTION('',(0.,0.,-1.));
#910 = ORIENTED_EDGE('',*,*,#911,.T.);
#911 = EDGE_CURVE('',#904,#219,#912,.T.);
#912 = LINE('',#913,#914);
#913 = CARTESIAN_POINT('',(-11.2,13.,-3.));
#914 = VECTOR('',#915,1.);
#915 = DIRECTION('',(-1.,1.224646799147E-16,0.));
#916 = PLANE('',#917);
#917 = AXIS2_PLACEMENT_3D('',#918,#919,#920);
#918 = CARTESIAN_POINT('',(-11.2,13.,1.));
#919 = DIRECTION('',(2.464679914735E-18,1.,0.));
#920 = DIRECTION('',(-1.,2.464679914735E-18,0.));
#921 = ADVANCED_FACE('',(#922),#941,.T.);
#922 = FACE_BOUND('',#923,.F.);
#923 = EDGE_LOOP('',(#924,#933,#939,#940));
#924 = ORIENTED_EDGE('',*,*,#925,.T.);
#925 = EDGE_CURVE('',#299,#926,#928,.T.);
#926 = VERTEX_POINT('',#927);
#927 = CARTESIAN_POINT('',(-12.,-8.,1.));
#928 = CIRCLE('',#929,0.5);
#929 = AXIS2_PLACEMENT_3D('',#930,#931,#932);
#930 = CARTESIAN_POINT('',(-12.,-8.,0.5));
#931 = DIRECTION('',(1.224646799147E-16,1.,-0.));
#932 = DIRECTION('',(0.,0.,1.));
#933 = ORIENTED_EDGE('',*,*,#934,.T.);
#934 = EDGE_CURVE('',#926,#847,#935,.T.);
#935 = LINE('',#936,#937);
#936 = CARTESIAN_POINT('',(-12.,-8.,1.));
#937 = VECTOR('',#938,1.);
#938 = DIRECTION('',(-1.224646799147E-16,-1.,0.));
#939 = ORIENTED_EDGE('',*,*,#854,.F.);
#940 = ORIENTED_EDGE('',*,*,#306,.F.);
#941 = CYLINDRICAL_SURFACE('',#942,0.5);
#942 = AXIS2_PLACEMENT_3D('',#943,#944,#945);
#943 = CARTESIAN_POINT('',(-12.,-8.,0.5));
#944 = DIRECTION('',(-1.224646799147E-16,-1.,0.));
#945 = DIRECTION('',(-1.,1.224646799147E-16,0.));
#946 = ADVANCED_FACE('',(#947),#965,.T.);
#947 = FACE_BOUND('',#948,.T.);
#948 = EDGE_LOOP('',(#949,#957,#963,#964));
#949 = ORIENTED_EDGE('',*,*,#950,.T.);
#950 = EDGE_CURVE('',#227,#951,#953,.T.);
#951 = VERTEX_POINT('',#952);
#952 = CARTESIAN_POINT('',(-11.2,12.,-3.));
#953 = LINE('',#954,#955);
#954 = CARTESIAN_POINT('',(-12.5,12.,-3.));
#955 = VECTOR('',#956,1.);
#956 = DIRECTION('',(1.,-1.224646799147E-16,0.));
#957 = ORIENTED_EDGE('',*,*,#958,.T.);
#958 = EDGE_CURVE('',#951,#904,#959,.T.);
#959 = LINE('',#960,#961);
#960 = CARTESIAN_POINT('',(-11.2,12.,-3.));
#961 = VECTOR('',#962,1.);
#962 = DIRECTION('',(1.224646799147E-16,1.,0.));
#963 = ORIENTED_EDGE('',*,*,#911,.T.);
#964 = ORIENTED_EDGE('',*,*,#226,.T.);
#965 = PLANE('',#966);
#966 = AXIS2_PLACEMENT_3D('',#967,#968,#969);
#967 = CARTESIAN_POINT('',(-1.7763568394E-15,0.,-3.));
#968 = DIRECTION('',(0.,0.,1.));
#969 = DIRECTION('',(1.,-1.224646799147E-16,0.));
#970 = ADVANCED_FACE('',(#971),#1013,.T.);
#971 = FACE_BOUND('',#972,.T.);
#972 = EDGE_LOOP('',(#973,#974,#975,#983,#991,#999,#1007));
#973 = ORIENTED_EDGE('',*,*,#298,.F.);
#974 = ORIENTED_EDGE('',*,*,#925,.T.);
#975 = ORIENTED_EDGE('',*,*,#976,.T.);
#976 = EDGE_CURVE('',#926,#977,#979,.T.);
#977 = VERTEX_POINT('',#978);
#978 = CARTESIAN_POINT('',(-11.2,-8.,1.));
#979 = LINE('',#980,#981);
#980 = CARTESIAN_POINT('',(-12.5,-8.,1.));
#981 = VECTOR('',#982,1.);
#982 = DIRECTION('',(1.,-1.224646799147E-16,0.));
#983 = ORIENTED_EDGE('',*,*,#984,.F.);
#984 = EDGE_CURVE('',#985,#977,#987,.T.);
#985 = VERTEX_POINT('',#986);
#986 = CARTESIAN_POINT('',(-10.6,-8.,8.881784197001E-16));
#987 = LINE('',#988,#989);
#988 = CARTESIAN_POINT('',(-10.6,-8.,8.881784197001E-16));
#989 = VECTOR('',#990,1.);
#990 = DIRECTION('',(-0.514495755428,6.300755800592E-17,0.857492925713)
  );
#991 = ORIENTED_EDGE('',*,*,#992,.F.);
#992 = EDGE_CURVE('',#993,#985,#995,.T.);
#993 = VERTEX_POINT('',#994);
#994 = CARTESIAN_POINT('',(-11.2,-8.,8.881784197001E-16));
#995 = LINE('',#996,#997);
#996 = CARTESIAN_POINT('',(-11.2,-8.,8.881784197001E-16));
#997 = VECTOR('',#998,1.);
#998 = DIRECTION('',(1.,-1.224646799147E-16,0.));
#999 = ORIENTED_EDGE('',*,*,#1000,.T.);
#1000 = EDGE_CURVE('',#993,#1001,#1003,.T.);
#1001 = VERTEX_POINT('',#1002);
#1002 = CARTESIAN_POINT('',(-11.2,-8.,-3.));
#1003 = LINE('',#1004,#1005);
#1004 = CARTESIAN_POINT('',(-11.2,-8.,1.));
#1005 = VECTOR('',#1006,1.);
#1006 = DIRECTION('',(0.,0.,-1.));
#1007 = ORIENTED_EDGE('',*,*,#1008,.F.);
#1008 = EDGE_CURVE('',#291,#1001,#1009,.T.);
#1009 = LINE('',#1010,#1011);
#1010 = CARTESIAN_POINT('',(-12.5,-8.,-3.));
#1011 = VECTOR('',#1012,1.);
#1012 = DIRECTION('',(1.,-1.224646799147E-16,0.));
#1013 = PLANE('',#1014);
#1014 = AXIS2_PLACEMENT_3D('',#1015,#1016,#1017);
#1015 = CARTESIAN_POINT('',(-11.75956680948,-8.,-0.925279663622));
#1016 = DIRECTION('',(-7.875353200853E-16,1.,0.));
#1017 = DIRECTION('',(1.,7.875353200853E-16,0.));
#1018 = ADVANCED_FACE('',(#1019),#1062,.T.);
#1019 = FACE_BOUND('',#1020,.T.);
#1020 = EDGE_LOOP('',(#1021,#1022,#1031,#1039,#1047,#1055,#1061));
#1021 = ORIENTED_EDGE('',*,*,#234,.F.);
#1022 = ORIENTED_EDGE('',*,*,#1023,.T.);
#1023 = EDGE_CURVE('',#235,#1024,#1026,.T.);
#1024 = VERTEX_POINT('',#1025);
#1025 = CARTESIAN_POINT('',(-12.,12.,1.));
#1026 = CIRCLE('',#1027,0.5);
#1027 = AXIS2_PLACEMENT_3D('',#1028,#1029,#1030);
#1028 = CARTESIAN_POINT('',(-12.,12.,0.5));
#1029 = DIRECTION('',(1.224646799147E-16,1.,-0.));
#1030 = DIRECTION('',(0.,0.,1.));
#1031 = ORIENTED_EDGE('',*,*,#1032,.T.);
#1032 = EDGE_CURVE('',#1024,#1033,#1035,.T.);
#1033 = VERTEX_POINT('',#1034);
#1034 = CARTESIAN_POINT('',(-11.2,12.,1.));
#1035 = LINE('',#1036,#1037);
#1036 = CARTESIAN_POINT('',(-12.5,12.,1.));
#1037 = VECTOR('',#1038,1.);
#1038 = DIRECTION('',(1.,-1.224646799147E-16,0.));
#1039 = ORIENTED_EDGE('',*,*,#1040,.F.);
#1040 = EDGE_CURVE('',#1041,#1033,#1043,.T.);
#1041 = VERTEX_POINT('',#1042);
#1042 = CARTESIAN_POINT('',(-10.6,12.,-3.552713678801E-15));
#1043 = LINE('',#1044,#1045);
#1044 = CARTESIAN_POINT('',(-10.6,12.,-3.10862446895E-15));
#1045 = VECTOR('',#1046,1.);
#1046 = DIRECTION('',(-0.514495755428,6.300755800592E-17,0.857492925713)
  );
#1047 = ORIENTED_EDGE('',*,*,#1048,.F.);
#1048 = EDGE_CURVE('',#1049,#1041,#1051,.T.);
#1049 = VERTEX_POINT('',#1050);
#1050 = CARTESIAN_POINT('',(-11.2,12.,-3.552713678801E-15));
#1051 = LINE('',#1052,#1053);
#1052 = CARTESIAN_POINT('',(-11.2,12.,-3.10862446895E-15));
#1053 = VECTOR('',#1054,1.);
#1054 = DIRECTION('',(1.,-1.224646799147E-16,0.));
#1055 = ORIENTED_EDGE('',*,*,#1056,.T.);
#1056 = EDGE_CURVE('',#1049,#951,#1057,.T.);
#1057 = LINE('',#1058,#1059);
#1058 = CARTESIAN_POINT('',(-11.2,12.,1.));
#1059 = VECTOR('',#1060,1.);
#1060 = DIRECTION('',(0.,0.,-1.));
#1061 = ORIENTED_EDGE('',*,*,#950,.F.);
#1062 = PLANE('',#1063);
#1063 = AXIS2_PLACEMENT_3D('',#1064,#1065,#1066);
#1064 = CARTESIAN_POINT('',(-11.75956680948,12.,-0.925279663622));
#1065 = DIRECTION('',(1.224646799147E-16,1.,0.));
#1066 = DIRECTION('',(0.,0.,-1.));
#1067 = ADVANCED_FACE('',(#1068),#1086,.T.);
#1068 = FACE_BOUND('',#1069,.T.);
#1069 = EDGE_LOOP('',(#1070,#1071,#1079,#1085));
#1070 = ORIENTED_EDGE('',*,*,#1008,.T.);
#1071 = ORIENTED_EDGE('',*,*,#1072,.T.);
#1072 = EDGE_CURVE('',#1001,#1073,#1075,.T.);
#1073 = VERTEX_POINT('',#1074);
#1074 = CARTESIAN_POINT('',(-11.2,-7.,-3.));
#1075 = LINE('',#1076,#1077);
#1076 = CARTESIAN_POINT('',(-11.2,-8.,-3.));
#1077 = VECTOR('',#1078,1.);
#1078 = DIRECTION('',(1.224646799147E-16,1.,0.));
#1079 = ORIENTED_EDGE('',*,*,#1080,.T.);
#1080 = EDGE_CURVE('',#1073,#283,#1081,.T.);
#1081 = LINE('',#1082,#1083);
#1082 = CARTESIAN_POINT('',(-11.2,-7.,-3.));
#1083 = VECTOR('',#1084,1.);
#1084 = DIRECTION('',(-1.,1.224646799147E-16,0.));
#1085 = ORIENTED_EDGE('',*,*,#290,.T.);
#1086 = PLANE('',#1087);
#1087 = AXIS2_PLACEMENT_3D('',#1088,#1089,#1090);
#1088 = CARTESIAN_POINT('',(-1.7763568394E-15,0.,-3.));
#1089 = DIRECTION('',(0.,0.,1.));
#1090 = DIRECTION('',(1.,-1.224646799147E-16,0.));
#1091 = ADVANCED_FACE('',(#1092),#1111,.T.);
#1092 = FACE_BOUND('',#1093,.F.);
#1093 = EDGE_LOOP('',(#1094,#1095,#1103,#1110));
#1094 = ORIENTED_EDGE('',*,*,#1023,.T.);
#1095 = ORIENTED_EDGE('',*,*,#1096,.T.);
#1096 = EDGE_CURVE('',#1024,#1097,#1099,.T.);
#1097 = VERTEX_POINT('',#1098);
#1098 = CARTESIAN_POINT('',(-12.,8.,1.));
#1099 = LINE('',#1100,#1101);
#1100 = CARTESIAN_POINT('',(-12.,12.,1.));
#1101 = VECTOR('',#1102,1.);
#1102 = DIRECTION('',(-1.224646799147E-16,-1.,0.));
#1103 = ORIENTED_EDGE('',*,*,#1104,.F.);
#1104 = EDGE_CURVE('',#243,#1097,#1105,.T.);
#1105 = CIRCLE('',#1106,0.5);
#1106 = AXIS2_PLACEMENT_3D('',#1107,#1108,#1109);
#1107 = CARTESIAN_POINT('',(-12.,8.,0.5));
#1108 = DIRECTION('',(1.224646799147E-16,1.,-0.));
#1109 = DIRECTION('',(0.,0.,1.));
#1110 = ORIENTED_EDGE('',*,*,#242,.F.);
#1111 = CYLINDRICAL_SURFACE('',#1112,0.5);
#1112 = AXIS2_PLACEMENT_3D('',#1113,#1114,#1115);
#1113 = CARTESIAN_POINT('',(-12.,12.,0.5));
#1114 = DIRECTION('',(-1.224646799147E-16,-1.,0.));
#1115 = DIRECTION('',(-1.,1.224646799147E-16,0.));
#1116 = ADVANCED_FACE('',(#1117),#1144,.F.);
#1117 = FACE_BOUND('',#1118,.F.);
#1118 = EDGE_LOOP('',(#1119,#1120,#1129,#1137,#1143));
#1119 = ORIENTED_EDGE('',*,*,#282,.F.);
#1120 = ORIENTED_EDGE('',*,*,#1121,.T.);
#1121 = EDGE_CURVE('',#275,#1122,#1124,.T.);
#1122 = VERTEX_POINT('',#1123);
#1123 = CARTESIAN_POINT('',(-12.,-7.,1.));
#1124 = CIRCLE('',#1125,0.5);
#1125 = AXIS2_PLACEMENT_3D('',#1126,#1127,#1128);
#1126 = CARTESIAN_POINT('',(-12.,-7.,0.5));
#1127 = DIRECTION('',(1.224646799147E-16,1.,-0.));
#1128 = DIRECTION('',(0.,0.,1.));
#1129 = ORIENTED_EDGE('',*,*,#1130,.F.);
#1130 = EDGE_CURVE('',#1131,#1122,#1133,.T.);
#1131 = VERTEX_POINT('',#1132);
#1132 = CARTESIAN_POINT('',(-11.2,-7.,1.));
#1133 = LINE('',#1134,#1135);
#1134 = CARTESIAN_POINT('',(-11.2,-7.,1.));
#1135 = VECTOR('',#1136,1.);
#1136 = DIRECTION('',(-1.,1.224646799147E-16,0.));
#1137 = ORIENTED_EDGE('',*,*,#1138,.T.);
#1138 = EDGE_CURVE('',#1131,#1073,#1139,.T.);
#1139 = LINE('',#1140,#1141);
#1140 = CARTESIAN_POINT('',(-11.2,-7.,1.));
#1141 = VECTOR('',#1142,1.);
#1142 = DIRECTION('',(0.,0.,-1.));
#1143 = ORIENTED_EDGE('',*,*,#1080,.T.);
#1144 = PLANE('',#1145);
#1145 = AXIS2_PLACEMENT_3D('',#1146,#1147,#1148);
#1146 = CARTESIAN_POINT('',(-11.2,-7.,1.));
#1147 = DIRECTION('',(2.464679914735E-18,1.,0.));
#1148 = DIRECTION('',(-1.,2.464679914735E-18,0.));
#1149 = ADVANCED_FACE('',(#1150),#1192,.T.);
#1150 = FACE_BOUND('',#1151,.T.);
#1151 = EDGE_LOOP('',(#1152,#1160,#1161,#1162,#1170,#1178,#1186));
#1152 = ORIENTED_EDGE('',*,*,#1153,.T.);
#1153 = EDGE_CURVE('',#1154,#1097,#1156,.T.);
#1154 = VERTEX_POINT('',#1155);
#1155 = CARTESIAN_POINT('',(-11.2,8.,1.));
#1156 = LINE('',#1157,#1158);
#1157 = CARTESIAN_POINT('',(-11.2,8.,1.));
#1158 = VECTOR('',#1159,1.);
#1159 = DIRECTION('',(-1.,1.224646799147E-16,0.));
#1160 = ORIENTED_EDGE('',*,*,#1104,.F.);
#1161 = ORIENTED_EDGE('',*,*,#250,.T.);
#1162 = ORIENTED_EDGE('',*,*,#1163,.F.);
#1163 = EDGE_CURVE('',#1164,#251,#1166,.T.);
#1164 = VERTEX_POINT('',#1165);
#1165 = CARTESIAN_POINT('',(-11.2,8.,-3.));
#1166 = LINE('',#1167,#1168);
#1167 = CARTESIAN_POINT('',(-11.2,8.,-3.));
#1168 = VECTOR('',#1169,1.);
#1169 = DIRECTION('',(-1.,1.224646799147E-16,0.));
#1170 = ORIENTED_EDGE('',*,*,#1171,.F.);
#1171 = EDGE_CURVE('',#1172,#1164,#1174,.T.);
#1172 = VERTEX_POINT('',#1173);
#1173 = CARTESIAN_POINT('',(-11.2,8.,-1.7763568394E-15));
#1174 = LINE('',#1175,#1176);
#1175 = CARTESIAN_POINT('',(-11.2,8.,1.));
#1176 = VECTOR('',#1177,1.);
#1177 = DIRECTION('',(0.,0.,-1.));
#1178 = ORIENTED_EDGE('',*,*,#1179,.T.);
#1179 = EDGE_CURVE('',#1172,#1180,#1182,.T.);
#1180 = VERTEX_POINT('',#1181);
#1181 = CARTESIAN_POINT('',(-10.6,8.,-1.7763568394E-15));
#1182 = LINE('',#1183,#1184);
#1183 = CARTESIAN_POINT('',(-11.2,8.,-2.22044604925E-15));
#1184 = VECTOR('',#1185,1.);
#1185 = DIRECTION('',(1.,-1.224646799147E-16,0.));
#1186 = ORIENTED_EDGE('',*,*,#1187,.T.);
#1187 = EDGE_CURVE('',#1180,#1154,#1188,.T.);
#1188 = LINE('',#1189,#1190);
#1189 = CARTESIAN_POINT('',(-10.6,8.,-2.22044604925E-15));
#1190 = VECTOR('',#1191,1.);
#1191 = DIRECTION('',(-0.514495755428,6.300755800592E-17,0.857492925713)
  );
#1192 = PLANE('',#1193);
#1193 = AXIS2_PLACEMENT_3D('',#1194,#1195,#1196);
#1194 = CARTESIAN_POINT('',(-11.75956680948,8.,-0.925279663622));
#1195 = DIRECTION('',(-5.824646799147E-16,-1.,0.));
#1196 = DIRECTION('',(-1.,5.824646799147E-16,0.));
#1197 = ADVANCED_FACE('',(#1198),#1217,.T.);
#1198 = FACE_BOUND('',#1199,.F.);
#1199 = EDGE_LOOP('',(#1200,#1209,#1215,#1216));
#1200 = ORIENTED_EDGE('',*,*,#1201,.T.);
#1201 = EDGE_CURVE('',#267,#1202,#1204,.T.);
#1202 = VERTEX_POINT('',#1203);
#1203 = CARTESIAN_POINT('',(-12.,7.,1.));
#1204 = CIRCLE('',#1205,0.5);
#1205 = AXIS2_PLACEMENT_3D('',#1206,#1207,#1208);
#1206 = CARTESIAN_POINT('',(-12.,7.,0.5));
#1207 = DIRECTION('',(1.224646799147E-16,1.,-0.));
#1208 = DIRECTION('',(0.,0.,1.));
#1209 = ORIENTED_EDGE('',*,*,#1210,.T.);
#1210 = EDGE_CURVE('',#1202,#1122,#1211,.T.);
#1211 = LINE('',#1212,#1213);
#1212 = CARTESIAN_POINT('',(-12.,7.,1.));
#1213 = VECTOR('',#1214,1.);
#1214 = DIRECTION('',(-1.224646799147E-16,-1.,0.));
#1215 = ORIENTED_EDGE('',*,*,#1121,.F.);
#1216 = ORIENTED_EDGE('',*,*,#274,.F.);
#1217 = CYLINDRICAL_SURFACE('',#1218,0.5);
#1218 = AXIS2_PLACEMENT_3D('',#1219,#1220,#1221);
#1219 = CARTESIAN_POINT('',(-12.,7.,0.5));
#1220 = DIRECTION('',(-1.224646799147E-16,-1.,0.));
#1221 = DIRECTION('',(-1.,1.224646799147E-16,0.));
#1222 = ADVANCED_FACE('',(#1223),#1241,.T.);
#1223 = FACE_BOUND('',#1224,.T.);
#1224 = EDGE_LOOP('',(#1225,#1233,#1239,#1240));
#1225 = ORIENTED_EDGE('',*,*,#1226,.T.);
#1226 = EDGE_CURVE('',#259,#1227,#1229,.T.);
#1227 = VERTEX_POINT('',#1228);
#1228 = CARTESIAN_POINT('',(-11.2,7.,-3.));
#1229 = LINE('',#1230,#1231);
#1230 = CARTESIAN_POINT('',(-12.5,7.,-3.));
#1231 = VECTOR('',#1232,1.);
#1232 = DIRECTION('',(1.,-1.224646799147E-16,0.));
#1233 = ORIENTED_EDGE('',*,*,#1234,.T.);
#1234 = EDGE_CURVE('',#1227,#1164,#1235,.T.);
#1235 = LINE('',#1236,#1237);
#1236 = CARTESIAN_POINT('',(-11.2,7.,-3.));
#1237 = VECTOR('',#1238,1.);
#1238 = DIRECTION('',(1.224646799147E-16,1.,0.));
#1239 = ORIENTED_EDGE('',*,*,#1163,.T.);
#1240 = ORIENTED_EDGE('',*,*,#258,.T.);
#1241 = PLANE('',#1242);
#1242 = AXIS2_PLACEMENT_3D('',#1243,#1244,#1245);
#1243 = CARTESIAN_POINT('',(-1.7763568394E-15,0.,-3.));
#1244 = DIRECTION('',(0.,0.,1.));
#1245 = DIRECTION('',(1.,-1.224646799147E-16,0.));
#1246 = ADVANCED_FACE('',(#1247),#1266,.F.);
#1247 = FACE_BOUND('',#1248,.F.);
#1248 = EDGE_LOOP('',(#1249,#1250,#1251,#1259,#1265));
#1249 = ORIENTED_EDGE('',*,*,#266,.T.);
#1250 = ORIENTED_EDGE('',*,*,#1226,.T.);
#1251 = ORIENTED_EDGE('',*,*,#1252,.F.);
#1252 = EDGE_CURVE('',#1253,#1227,#1255,.T.);
#1253 = VERTEX_POINT('',#1254);
#1254 = CARTESIAN_POINT('',(-11.2,7.,1.));
#1255 = LINE('',#1256,#1257);
#1256 = CARTESIAN_POINT('',(-11.2,7.,1.));
#1257 = VECTOR('',#1258,1.);
#1258 = DIRECTION('',(0.,0.,-1.));
#1259 = ORIENTED_EDGE('',*,*,#1260,.F.);
#1260 = EDGE_CURVE('',#1202,#1253,#1261,.T.);
#1261 = LINE('',#1262,#1263);
#1262 = CARTESIAN_POINT('',(-12.5,7.,1.));
#1263 = VECTOR('',#1264,1.);
#1264 = DIRECTION('',(1.,-1.224646799147E-16,0.));
#1265 = ORIENTED_EDGE('',*,*,#1201,.F.);
#1266 = PLANE('',#1267);
#1267 = AXIS2_PLACEMENT_3D('',#1268,#1269,#1270);
#1268 = CARTESIAN_POINT('',(-12.5,7.,1.));
#1269 = DIRECTION('',(-2.464679914735E-18,-1.,0.));
#1270 = DIRECTION('',(1.,-2.464679914735E-18,0.));
#1271 = ADVANCED_FACE('',(#1272),#1297,.F.);
#1272 = FACE_BOUND('',#1273,.F.);
#1273 = EDGE_LOOP('',(#1274,#1275,#1282,#1283,#1291));
#1274 = ORIENTED_EDGE('',*,*,#559,.F.);
#1275 = ORIENTED_EDGE('',*,*,#1276,.F.);
#1276 = EDGE_CURVE('',#398,#552,#1277,.T.);
#1277 = CIRCLE('',#1278,0.5);
#1278 = AXIS2_PLACEMENT_3D('',#1279,#1280,#1281);
#1279 = CARTESIAN_POINT('',(12.,-13.,0.5));
#1280 = DIRECTION('',(1.224646799147E-16,1.,0.));
#1281 = DIRECTION('',(0.,0.,-1.));
#1282 = ORIENTED_EDGE('',*,*,#395,.F.);
#1283 = ORIENTED_EDGE('',*,*,#1284,.T.);
#1284 = EDGE_CURVE('',#396,#1285,#1287,.T.);
#1285 = VERTEX_POINT('',#1286);
#1286 = CARTESIAN_POINT('',(11.2,-13.,-3.));
#1287 = LINE('',#1288,#1289);
#1288 = CARTESIAN_POINT('',(11.2,-13.,1.));
#1289 = VECTOR('',#1290,1.);
#1290 = DIRECTION('',(0.,0.,-1.));
#1291 = ORIENTED_EDGE('',*,*,#1292,.T.);
#1292 = EDGE_CURVE('',#1285,#560,#1293,.T.);
#1293 = LINE('',#1294,#1295);
#1294 = CARTESIAN_POINT('',(11.2,-13.,-3.));
#1295 = VECTOR('',#1296,1.);
#1296 = DIRECTION('',(1.,-1.224646799147E-16,0.));
#1297 = PLANE('',#1298);
#1298 = AXIS2_PLACEMENT_3D('',#1299,#1300,#1301);
#1299 = CARTESIAN_POINT('',(11.2,-13.,1.));
#1300 = DIRECTION('',(-2.464679914735E-18,-1.,0.));
#1301 = DIRECTION('',(1.,-2.464679914735E-18,0.));
#1302 = ADVANCED_FACE('',(#1303),#1309,.T.);
#1303 = FACE_BOUND('',#1304,.T.);
#1304 = EDGE_LOOP('',(#1305,#1306,#1307,#1308));
#1305 = ORIENTED_EDGE('',*,*,#470,.T.);
#1306 = ORIENTED_EDGE('',*,*,#551,.T.);
#1307 = ORIENTED_EDGE('',*,*,#1276,.F.);
#1308 = ORIENTED_EDGE('',*,*,#454,.F.);
#1309 = CYLINDRICAL_SURFACE('',#1310,0.5);
#1310 = AXIS2_PLACEMENT_3D('',#1311,#1312,#1313);
#1311 = CARTESIAN_POINT('',(12.,-16.5,0.5));
#1312 = DIRECTION('',(1.224646799147E-16,1.,0.));
#1313 = DIRECTION('',(0.,0.,1.));
#1314 = ADVANCED_FACE('',(#1315),#1493,.F.);
#1315 = FACE_BOUND('',#1316,.F.);
#1316 = EDGE_LOOP('',(#1317,#1318,#1326,#1334,#1342,#1350,#1358,#1366,
    #1374,#1382,#1390,#1398,#1406,#1414,#1422,#1430,#1438,#1446,#1454,
    #1462,#1470,#1478,#1486,#1492));
#1317 = ORIENTED_EDGE('',*,*,#405,.F.);
#1318 = ORIENTED_EDGE('',*,*,#1319,.T.);
#1319 = EDGE_CURVE('',#406,#1320,#1322,.T.);
#1320 = VERTEX_POINT('',#1321);
#1321 = CARTESIAN_POINT('',(11.2,-16.2,-1.89));
#1322 = LINE('',#1323,#1324);
#1323 = CARTESIAN_POINT('',(11.2,-16.2,1.));
#1324 = VECTOR('',#1325,1.);
#1325 = DIRECTION('',(0.,0.,-1.));
#1326 = ORIENTED_EDGE('',*,*,#1327,.T.);
#1327 = EDGE_CURVE('',#1320,#1328,#1330,.T.);
#1328 = VERTEX_POINT('',#1329);
#1329 = CARTESIAN_POINT('',(11.2,-13.2,-1.89));
#1330 = LINE('',#1331,#1332);
#1331 = CARTESIAN_POINT('',(11.2,-16.2,-1.89));
#1332 = VECTOR('',#1333,1.);
#1333 = DIRECTION('',(-3.675353200853E-16,1.,4.4E-16));
#1334 = ORIENTED_EDGE('',*,*,#1335,.F.);
#1335 = EDGE_CURVE('',#1336,#1328,#1338,.T.);
#1336 = VERTEX_POINT('',#1337);
#1337 = CARTESIAN_POINT('',(11.2,-13.2,-4.));
#1338 = LINE('',#1339,#1340);
#1339 = CARTESIAN_POINT('',(11.2,-13.2,-4.));
#1340 = VECTOR('',#1341,1.);
#1341 = DIRECTION('',(-5.388445916248E-32,-4.4E-16,1.));
#1342 = ORIENTED_EDGE('',*,*,#1343,.T.);
#1343 = EDGE_CURVE('',#1336,#1344,#1346,.T.);
#1344 = VERTEX_POINT('',#1345);
#1345 = CARTESIAN_POINT('',(11.2,13.2,-4.));
#1346 = LINE('',#1347,#1348);
#1347 = CARTESIAN_POINT('',(11.2,-16.2,-4.));
#1348 = VECTOR('',#1349,1.);
#1349 = DIRECTION('',(1.224646799147E-16,1.,0.));
#1350 = ORIENTED_EDGE('',*,*,#1351,.T.);
#1351 = EDGE_CURVE('',#1344,#1352,#1354,.T.);
#1352 = VERTEX_POINT('',#1353);
#1353 = CARTESIAN_POINT('',(11.2,13.2,-1.89));
#1354 = LINE('',#1355,#1356);
#1355 = CARTESIAN_POINT('',(11.2,13.2,-4.));
#1356 = VECTOR('',#1357,1.);
#1357 = DIRECTION('',(0.,0.,1.));
#1358 = ORIENTED_EDGE('',*,*,#1359,.F.);
#1359 = EDGE_CURVE('',#1360,#1352,#1362,.T.);
#1360 = VERTEX_POINT('',#1361);
#1361 = CARTESIAN_POINT('',(11.2,16.2,-1.89));
#1362 = LINE('',#1363,#1364);
#1363 = CARTESIAN_POINT('',(11.2,16.2,-1.89));
#1364 = VECTOR('',#1365,1.);
#1365 = DIRECTION('',(-1.224646799147E-16,-1.,0.));
#1366 = ORIENTED_EDGE('',*,*,#1367,.F.);
#1367 = EDGE_CURVE('',#1368,#1360,#1370,.T.);
#1368 = VERTEX_POINT('',#1369);
#1369 = CARTESIAN_POINT('',(11.2,16.2,1.));
#1370 = LINE('',#1371,#1372);
#1371 = CARTESIAN_POINT('',(11.2,16.2,1.));
#1372 = VECTOR('',#1373,1.);
#1373 = DIRECTION('',(0.,0.,-1.));
#1374 = ORIENTED_EDGE('',*,*,#1375,.F.);
#1375 = EDGE_CURVE('',#1376,#1368,#1378,.T.);
#1376 = VERTEX_POINT('',#1377);
#1377 = CARTESIAN_POINT('',(11.2,13.,1.));
#1378 = LINE('',#1379,#1380);
#1379 = CARTESIAN_POINT('',(11.2,-16.2,1.));
#1380 = VECTOR('',#1381,1.);
#1381 = DIRECTION('',(1.224646799147E-16,1.,0.));
#1382 = ORIENTED_EDGE('',*,*,#1383,.T.);
#1383 = EDGE_CURVE('',#1376,#1384,#1386,.T.);
#1384 = VERTEX_POINT('',#1385);
#1385 = CARTESIAN_POINT('',(11.2,13.,-3.));
#1386 = LINE('',#1387,#1388);
#1387 = CARTESIAN_POINT('',(11.2,13.,1.));
#1388 = VECTOR('',#1389,1.);
#1389 = DIRECTION('',(0.,0.,-1.));
#1390 = ORIENTED_EDGE('',*,*,#1391,.T.);
#1391 = EDGE_CURVE('',#1384,#1392,#1394,.T.);
#1392 = VERTEX_POINT('',#1393);
#1393 = CARTESIAN_POINT('',(11.2,12.,-3.));
#1394 = LINE('',#1395,#1396);
#1395 = CARTESIAN_POINT('',(11.2,13.,-3.));
#1396 = VECTOR('',#1397,1.);
#1397 = DIRECTION('',(-1.224646799147E-16,-1.,0.));
#1398 = ORIENTED_EDGE('',*,*,#1399,.F.);
#1399 = EDGE_CURVE('',#1400,#1392,#1402,.T.);
#1400 = VERTEX_POINT('',#1401);
#1401 = CARTESIAN_POINT('',(11.2,12.,-3.552713678801E-15));
#1402 = LINE('',#1403,#1404);
#1403 = CARTESIAN_POINT('',(11.2,12.,1.));
#1404 = VECTOR('',#1405,1.);
#1405 = DIRECTION('',(0.,0.,-1.));
#1406 = ORIENTED_EDGE('',*,*,#1407,.T.);
#1407 = EDGE_CURVE('',#1400,#1408,#1410,.T.);
#1408 = VERTEX_POINT('',#1409);
#1409 = CARTESIAN_POINT('',(11.2,8.,-1.7763568394E-15));
#1410 = LINE('',#1411,#1412);
#1411 = CARTESIAN_POINT('',(11.2,12.,-2.6645352591E-15));
#1412 = VECTOR('',#1413,1.);
#1413 = DIRECTION('',(-2.464679914735E-18,-1.,2.2E-16));
#1414 = ORIENTED_EDGE('',*,*,#1415,.T.);
#1415 = EDGE_CURVE('',#1408,#1416,#1418,.T.);
#1416 = VERTEX_POINT('',#1417);
#1417 = CARTESIAN_POINT('',(11.2,8.,-3.));
#1418 = LINE('',#1419,#1420);
#1419 = CARTESIAN_POINT('',(11.2,8.,1.));
#1420 = VECTOR('',#1421,1.);
#1421 = DIRECTION('',(0.,0.,-1.));
#1422 = ORIENTED_EDGE('',*,*,#1423,.T.);
#1423 = EDGE_CURVE('',#1416,#1424,#1426,.T.);
#1424 = VERTEX_POINT('',#1425);
#1425 = CARTESIAN_POINT('',(11.2,7.,-3.));
#1426 = LINE('',#1427,#1428);
#1427 = CARTESIAN_POINT('',(11.2,8.,-3.));
#1428 = VECTOR('',#1429,1.);
#1429 = DIRECTION('',(-1.224646799147E-16,-1.,0.));
#1430 = ORIENTED_EDGE('',*,*,#1431,.F.);
#1431 = EDGE_CURVE('',#1432,#1424,#1434,.T.);
#1432 = VERTEX_POINT('',#1433);
#1433 = CARTESIAN_POINT('',(11.2,7.,1.));
#1434 = LINE('',#1435,#1436);
#1435 = CARTESIAN_POINT('',(11.2,7.,1.));
#1436 = VECTOR('',#1437,1.);
#1437 = DIRECTION('',(0.,0.,-1.));
#1438 = ORIENTED_EDGE('',*,*,#1439,.F.);
#1439 = EDGE_CURVE('',#1440,#1432,#1442,.T.);
#1440 = VERTEX_POINT('',#1441);
#1441 = CARTESIAN_POINT('',(11.2,-7.,1.));
#1442 = LINE('',#1443,#1444);
#1443 = CARTESIAN_POINT('',(11.2,-16.2,1.));
#1444 = VECTOR('',#1445,1.);
#1445 = DIRECTION('',(1.224646799147E-16,1.,0.));
#1446 = ORIENTED_EDGE('',*,*,#1447,.T.);
#1447 = EDGE_CURVE('',#1440,#1448,#1450,.T.);
#1448 = VERTEX_POINT('',#1449);
#1449 = CARTESIAN_POINT('',(11.2,-7.,-3.));
#1450 = LINE('',#1451,#1452);
#1451 = CARTESIAN_POINT('',(11.2,-7.,1.));
#1452 = VECTOR('',#1453,1.);
#1453 = DIRECTION('',(0.,0.,-1.));
#1454 = ORIENTED_EDGE('',*,*,#1455,.T.);
#1455 = EDGE_CURVE('',#1448,#1456,#1458,.T.);
#1456 = VERTEX_POINT('',#1457);
#1457 = CARTESIAN_POINT('',(11.2,-8.,-3.));
#1458 = LINE('',#1459,#1460);
#1459 = CARTESIAN_POINT('',(11.2,-7.,-3.));
#1460 = VECTOR('',#1461,1.);
#1461 = DIRECTION('',(-1.224646799147E-16,-1.,0.));
#1462 = ORIENTED_EDGE('',*,*,#1463,.F.);
#1463 = EDGE_CURVE('',#1464,#1456,#1466,.T.);
#1464 = VERTEX_POINT('',#1465);
#1465 = CARTESIAN_POINT('',(11.2,-8.,8.881784197001E-16));
#1466 = LINE('',#1467,#1468);
#1467 = CARTESIAN_POINT('',(11.2,-8.,1.));
#1468 = VECTOR('',#1469,1.);
#1469 = DIRECTION('',(0.,0.,-1.));
#1470 = ORIENTED_EDGE('',*,*,#1471,.T.);
#1471 = EDGE_CURVE('',#1464,#1472,#1474,.T.);
#1472 = VERTEX_POINT('',#1473);
#1473 = CARTESIAN_POINT('',(11.2,-12.,1.7763568394E-15));
#1474 = LINE('',#1475,#1476);
#1475 = CARTESIAN_POINT('',(11.2,-8.,8.881784197001E-16));
#1476 = VECTOR('',#1477,1.);
#1477 = DIRECTION('',(-2.464679914735E-18,-1.,2.2E-16));
#1478 = ORIENTED_EDGE('',*,*,#1479,.T.);
#1479 = EDGE_CURVE('',#1472,#1480,#1482,.T.);
#1480 = VERTEX_POINT('',#1481);
#1481 = CARTESIAN_POINT('',(11.2,-12.,-3.));
#1482 = LINE('',#1483,#1484);
#1483 = CARTESIAN_POINT('',(11.2,-12.,1.));
#1484 = VECTOR('',#1485,1.);
#1485 = DIRECTION('',(0.,0.,-1.));
#1486 = ORIENTED_EDGE('',*,*,#1487,.T.);
#1487 = EDGE_CURVE('',#1480,#1285,#1488,.T.);
#1488 = LINE('',#1489,#1490);
#1489 = CARTESIAN_POINT('',(11.2,-12.,-3.));
#1490 = VECTOR('',#1491,1.);
#1491 = DIRECTION('',(-1.224646799147E-16,-1.,0.));
#1492 = ORIENTED_EDGE('',*,*,#1284,.F.);
#1493 = PLANE('',#1494);
#1494 = AXIS2_PLACEMENT_3D('',#1495,#1496,#1497);
#1495 = CARTESIAN_POINT('',(11.2,-16.2,1.));
#1496 = DIRECTION('',(1.,-1.224646799147E-16,0.));
#1497 = DIRECTION('',(1.224646799147E-16,1.,0.));
#1498 = ADVANCED_FACE('',(#1499),#1517,.F.);
#1499 = FACE_BOUND('',#1500,.F.);
#1500 = EDGE_LOOP('',(#1501,#1502,#1510,#1516));
#1501 = ORIENTED_EDGE('',*,*,#413,.F.);
#1502 = ORIENTED_EDGE('',*,*,#1503,.T.);
#1503 = EDGE_CURVE('',#414,#1504,#1506,.T.);
#1504 = VERTEX_POINT('',#1505);
#1505 = CARTESIAN_POINT('',(-11.2,-16.2,-1.89));
#1506 = LINE('',#1507,#1508);
#1507 = CARTESIAN_POINT('',(-11.2,-16.2,1.));
#1508 = VECTOR('',#1509,1.);
#1509 = DIRECTION('',(0.,0.,-1.));
#1510 = ORIENTED_EDGE('',*,*,#1511,.F.);
#1511 = EDGE_CURVE('',#1320,#1504,#1512,.T.);
#1512 = LINE('',#1513,#1514);
#1513 = CARTESIAN_POINT('',(11.2,-16.2,-1.89));
#1514 = VECTOR('',#1515,1.);
#1515 = DIRECTION('',(-1.,-3.675353200853E-16,0.));
#1516 = ORIENTED_EDGE('',*,*,#1319,.F.);
#1517 = PLANE('',#1518);
#1518 = AXIS2_PLACEMENT_3D('',#1519,#1520,#1521);
#1519 = CARTESIAN_POINT('',(-11.2,-16.2,1.));
#1520 = DIRECTION('',(-1.224646799147E-16,-1.,0.));
#1521 = DIRECTION('',(1.,-1.224646799147E-16,0.));
#1522 = ADVANCED_FACE('',(#1523),#1611,.F.);
#1523 = FACE_BOUND('',#1524,.F.);
#1524 = EDGE_LOOP('',(#1525,#1533,#1541,#1549,#1557,#1565,#1573,#1579,
    #1580,#1581,#1582,#1583,#1584,#1590,#1591,#1592,#1593,#1599,#1600,
    #1601,#1602,#1608,#1609,#1610));
#1525 = ORIENTED_EDGE('',*,*,#1526,.F.);
#1526 = EDGE_CURVE('',#1527,#896,#1529,.T.);
#1527 = VERTEX_POINT('',#1528);
#1528 = CARTESIAN_POINT('',(-11.2,16.2,1.));
#1529 = LINE('',#1530,#1531);
#1530 = CARTESIAN_POINT('',(-11.2,16.2,1.));
#1531 = VECTOR('',#1532,1.);
#1532 = DIRECTION('',(-1.224646799147E-16,-1.,0.));
#1533 = ORIENTED_EDGE('',*,*,#1534,.T.);
#1534 = EDGE_CURVE('',#1527,#1535,#1537,.T.);
#1535 = VERTEX_POINT('',#1536);
#1536 = CARTESIAN_POINT('',(-11.2,16.2,-1.89));
#1537 = LINE('',#1538,#1539);
#1538 = CARTESIAN_POINT('',(-11.2,16.2,1.));
#1539 = VECTOR('',#1540,1.);
#1540 = DIRECTION('',(0.,0.,-1.));
#1541 = ORIENTED_EDGE('',*,*,#1542,.T.);
#1542 = EDGE_CURVE('',#1535,#1543,#1545,.T.);
#1543 = VERTEX_POINT('',#1544);
#1544 = CARTESIAN_POINT('',(-11.2,13.2,-1.89));
#1545 = LINE('',#1546,#1547);
#1546 = CARTESIAN_POINT('',(-11.2,16.2,-1.89));
#1547 = VECTOR('',#1548,1.);
#1548 = DIRECTION('',(-1.224646799147E-16,-1.,0.));
#1549 = ORIENTED_EDGE('',*,*,#1550,.F.);
#1550 = EDGE_CURVE('',#1551,#1543,#1553,.T.);
#1551 = VERTEX_POINT('',#1552);
#1552 = CARTESIAN_POINT('',(-11.2,13.2,-4.));
#1553 = LINE('',#1554,#1555);
#1554 = CARTESIAN_POINT('',(-11.2,13.2,-4.));
#1555 = VECTOR('',#1556,1.);
#1556 = DIRECTION('',(0.,0.,1.));
#1557 = ORIENTED_EDGE('',*,*,#1558,.T.);
#1558 = EDGE_CURVE('',#1551,#1559,#1561,.T.);
#1559 = VERTEX_POINT('',#1560);
#1560 = CARTESIAN_POINT('',(-11.2,-13.2,-4.));
#1561 = LINE('',#1562,#1563);
#1562 = CARTESIAN_POINT('',(-11.2,16.2,-4.));
#1563 = VECTOR('',#1564,1.);
#1564 = DIRECTION('',(-1.224646799147E-16,-1.,0.));
#1565 = ORIENTED_EDGE('',*,*,#1566,.T.);
#1566 = EDGE_CURVE('',#1559,#1567,#1569,.T.);
#1567 = VERTEX_POINT('',#1568);
#1568 = CARTESIAN_POINT('',(-11.2,-13.2,-1.89));
#1569 = LINE('',#1570,#1571);
#1570 = CARTESIAN_POINT('',(-11.2,-13.2,-4.));
#1571 = VECTOR('',#1572,1.);
#1572 = DIRECTION('',(-5.388445916248E-32,-4.4E-16,1.));
#1573 = ORIENTED_EDGE('',*,*,#1574,.F.);
#1574 = EDGE_CURVE('',#1504,#1567,#1575,.T.);
#1575 = LINE('',#1576,#1577);
#1576 = CARTESIAN_POINT('',(-11.2,-16.2,-1.89));
#1577 = VECTOR('',#1578,1.);
#1578 = DIRECTION('',(-3.675353200853E-16,1.,4.4E-16));
#1579 = ORIENTED_EDGE('',*,*,#1503,.F.);
#1580 = ORIENTED_EDGE('',*,*,#421,.F.);
#1581 = ORIENTED_EDGE('',*,*,#738,.T.);
#1582 = ORIENTED_EDGE('',*,*,#788,.T.);
#1583 = ORIENTED_EDGE('',*,*,#863,.F.);
#1584 = ORIENTED_EDGE('',*,*,#1585,.F.);
#1585 = EDGE_CURVE('',#993,#864,#1586,.T.);
#1586 = LINE('',#1587,#1588);
#1587 = CARTESIAN_POINT('',(-11.2,-8.,8.881784197001E-16));
#1588 = VECTOR('',#1589,1.);
#1589 = DIRECTION('',(-2.464679914735E-18,-1.,2.2E-16));
#1590 = ORIENTED_EDGE('',*,*,#1000,.T.);
#1591 = ORIENTED_EDGE('',*,*,#1072,.T.);
#1592 = ORIENTED_EDGE('',*,*,#1138,.F.);
#1593 = ORIENTED_EDGE('',*,*,#1594,.F.);
#1594 = EDGE_CURVE('',#1253,#1131,#1595,.T.);
#1595 = LINE('',#1596,#1597);
#1596 = CARTESIAN_POINT('',(-11.2,16.2,1.));
#1597 = VECTOR('',#1598,1.);
#1598 = DIRECTION('',(-1.224646799147E-16,-1.,0.));
#1599 = ORIENTED_EDGE('',*,*,#1252,.T.);
#1600 = ORIENTED_EDGE('',*,*,#1234,.T.);
#1601 = ORIENTED_EDGE('',*,*,#1171,.F.);
#1602 = ORIENTED_EDGE('',*,*,#1603,.F.);
#1603 = EDGE_CURVE('',#1049,#1172,#1604,.T.);
#1604 = LINE('',#1605,#1606);
#1605 = CARTESIAN_POINT('',(-11.2,12.,-2.6645352591E-15));
#1606 = VECTOR('',#1607,1.);
#1607 = DIRECTION('',(-2.464679914735E-18,-1.,2.2E-16));
#1608 = ORIENTED_EDGE('',*,*,#1056,.T.);
#1609 = ORIENTED_EDGE('',*,*,#958,.T.);
#1610 = ORIENTED_EDGE('',*,*,#903,.F.);
#1611 = PLANE('',#1612);
#1612 = AXIS2_PLACEMENT_3D('',#1613,#1614,#1615);
#1613 = CARTESIAN_POINT('',(-11.2,16.2,1.));
#1614 = DIRECTION('',(-1.,1.224646799147E-16,0.));
#1615 = DIRECTION('',(-1.224646799147E-16,-1.,0.));
#1616 = ADVANCED_FACE('',(#1617),#1629,.T.);
#1617 = FACE_BOUND('',#1618,.T.);
#1618 = EDGE_LOOP('',(#1619,#1620,#1621,#1622));
#1619 = ORIENTED_EDGE('',*,*,#544,.F.);
#1620 = ORIENTED_EDGE('',*,*,#488,.F.);
#1621 = ORIENTED_EDGE('',*,*,#520,.T.);
#1622 = ORIENTED_EDGE('',*,*,#1623,.F.);
#1623 = EDGE_CURVE('',#535,#504,#1624,.T.);
#1624 = CIRCLE('',#1625,1.);
#1625 = AXIS2_PLACEMENT_3D('',#1626,#1627,#1628);
#1626 = CARTESIAN_POINT('',(11.5,16.5,-4.));
#1627 = DIRECTION('',(1.224646799147E-16,1.,-3.330669073875E-15));
#1628 = DIRECTION('',(-4.078893220341E-31,-3.330669073875E-15,-1.));
#1629 = CYLINDRICAL_SURFACE('',#1630,1.);
#1630 = AXIS2_PLACEMENT_3D('',#1631,#1632,#1633);
#1631 = CARTESIAN_POINT('',(11.5,-17.5,-4.));
#1632 = DIRECTION('',(1.224646799147E-16,1.,0.));
#1633 = DIRECTION('',(1.,-1.224646799147E-16,0.));
#1634 = ADVANCED_FACE('',(#1635),#1660,.T.);
#1635 = FACE_BOUND('',#1636,.F.);
#1636 = EDGE_LOOP('',(#1637,#1638,#1647,#1653));
#1637 = ORIENTED_EDGE('',*,*,#503,.F.);
#1638 = ORIENTED_EDGE('',*,*,#1639,.T.);
#1639 = EDGE_CURVE('',#504,#1640,#1642,.T.);
#1640 = VERTEX_POINT('',#1641);
#1641 = CARTESIAN_POINT('',(11.5,17.5,-4.));
#1642 = CIRCLE('',#1643,1.);
#1643 = AXIS2_PLACEMENT_3D('',#1644,#1645,#1646);
#1644 = CARTESIAN_POINT('',(11.5,16.5,-4.));
#1645 = DIRECTION('',(1.,-1.224646799147E-16,0.));
#1646 = DIRECTION('',(-4.078893220341E-31,-3.330669073875E-15,-1.));
#1647 = ORIENTED_EDGE('',*,*,#1648,.T.);
#1648 = EDGE_CURVE('',#1640,#756,#1649,.T.);
#1649 = LINE('',#1650,#1651);
#1650 = CARTESIAN_POINT('',(12.5,17.5,-4.));
#1651 = VECTOR('',#1652,1.);
#1652 = DIRECTION('',(-1.,1.224646799147E-16,0.));
#1653 = ORIENTED_EDGE('',*,*,#1654,.T.);
#1654 = EDGE_CURVE('',#756,#506,#1655,.T.);
#1655 = CIRCLE('',#1656,1.);
#1656 = AXIS2_PLACEMENT_3D('',#1657,#1658,#1659);
#1657 = CARTESIAN_POINT('',(-11.5,16.5,-4.));
#1658 = DIRECTION('',(-1.,1.224646799147E-16,0.));
#1659 = DIRECTION('',(1.224646799147E-16,1.,-6.123233995737E-17));
#1660 = CYLINDRICAL_SURFACE('',#1661,1.);
#1661 = AXIS2_PLACEMENT_3D('',#1662,#1663,#1664);
#1662 = CARTESIAN_POINT('',(12.5,16.5,-4.));
#1663 = DIRECTION('',(-1.,1.224646799147E-16,0.));
#1664 = DIRECTION('',(0.,0.,-1.));
#1665 = ADVANCED_FACE('',(#1666),#1691,.T.);
#1666 = FACE_BOUND('',#1667,.T.);
#1667 = EDGE_LOOP('',(#1668,#1669,#1676,#1684));
#1668 = ORIENTED_EDGE('',*,*,#534,.F.);
#1669 = ORIENTED_EDGE('',*,*,#1670,.T.);
#1670 = EDGE_CURVE('',#535,#1640,#1671,.T.);
#1671 = CIRCLE('',#1672,1.);
#1672 = AXIS2_PLACEMENT_3D('',#1673,#1674,#1675);
#1673 = CARTESIAN_POINT('',(11.5,16.5,-4.));
#1674 = DIRECTION('',(4.425807424163E-31,3.613946018758E-15,1.));
#1675 = DIRECTION('',(1.224646799147E-16,1.,-3.613946018758E-15));
#1676 = ORIENTED_EDGE('',*,*,#1677,.T.);
#1677 = EDGE_CURVE('',#1640,#1678,#1680,.T.);
#1678 = VERTEX_POINT('',#1679);
#1679 = CARTESIAN_POINT('',(11.5,17.5,0.5));
#1680 = LINE('',#1681,#1682);
#1681 = CARTESIAN_POINT('',(11.5,17.5,-5.));
#1682 = VECTOR('',#1683,1.);
#1683 = DIRECTION('',(0.,0.,1.));
#1684 = ORIENTED_EDGE('',*,*,#1685,.F.);
#1685 = EDGE_CURVE('',#537,#1678,#1686,.T.);
#1686 = CIRCLE('',#1687,1.);
#1687 = AXIS2_PLACEMENT_3D('',#1688,#1689,#1690);
#1688 = CARTESIAN_POINT('',(11.5,16.5,0.5));
#1689 = DIRECTION('',(-0.,0.,1.));
#1690 = DIRECTION('',(1.,-9.551319483836E-16,0.));
#1691 = CYLINDRICAL_SURFACE('',#1692,1.);
#1692 = AXIS2_PLACEMENT_3D('',#1693,#1694,#1695);
#1693 = CARTESIAN_POINT('',(11.5,16.5,-5.));
#1694 = DIRECTION('',(0.,0.,1.));
#1695 = DIRECTION('',(1.,-1.224646799147E-16,0.));
#1696 = ADVANCED_FACE('',(#1697),#1724,.T.);
#1697 = FACE_BOUND('',#1698,.F.);
#1698 = EDGE_LOOP('',(#1699,#1708,#1716,#1723));
#1699 = ORIENTED_EDGE('',*,*,#1700,.T.);
#1700 = EDGE_CURVE('',#672,#1701,#1703,.T.);
#1701 = VERTEX_POINT('',#1702);
#1702 = CARTESIAN_POINT('',(12.,13.,1.));
#1703 = CIRCLE('',#1704,0.5);
#1704 = AXIS2_PLACEMENT_3D('',#1705,#1706,#1707);
#1705 = CARTESIAN_POINT('',(12.,13.,0.5));
#1706 = DIRECTION('',(-1.224646799147E-16,-1.,0.));
#1707 = DIRECTION('',(-0.,0.,-1.));
#1708 = ORIENTED_EDGE('',*,*,#1709,.T.);
#1709 = EDGE_CURVE('',#1701,#1710,#1712,.T.);
#1710 = VERTEX_POINT('',#1711);
#1711 = CARTESIAN_POINT('',(12.,16.5,1.));
#1712 = LINE('',#1713,#1714);
#1713 = CARTESIAN_POINT('',(12.,13.,1.));
#1714 = VECTOR('',#1715,1.);
#1715 = DIRECTION('',(1.224646799147E-16,1.,0.));
#1716 = ORIENTED_EDGE('',*,*,#1717,.F.);
#1717 = EDGE_CURVE('',#537,#1710,#1718,.T.);
#1718 = CIRCLE('',#1719,0.5);
#1719 = AXIS2_PLACEMENT_3D('',#1720,#1721,#1722);
#1720 = CARTESIAN_POINT('',(12.,16.5,0.5));
#1721 = DIRECTION('',(-1.224646799147E-16,-1.,0.));
#1722 = DIRECTION('',(1.,-1.224646799147E-16,0.));
#1723 = ORIENTED_EDGE('',*,*,#679,.F.);
#1724 = CYLINDRICAL_SURFACE('',#1725,0.5);
#1725 = AXIS2_PLACEMENT_3D('',#1726,#1727,#1728);
#1726 = CARTESIAN_POINT('',(12.,13.,0.5));
#1727 = DIRECTION('',(1.224646799147E-16,1.,0.));
#1728 = DIRECTION('',(1.,-1.224646799147E-16,0.));
#1729 = ADVANCED_FACE('',(#1730),#1747,.F.);
#1730 = FACE_BOUND('',#1731,.F.);
#1731 = EDGE_LOOP('',(#1732,#1733,#1739,#1740,#1746));
#1732 = ORIENTED_EDGE('',*,*,#671,.T.);
#1733 = ORIENTED_EDGE('',*,*,#1734,.T.);
#1734 = EDGE_CURVE('',#664,#1384,#1735,.T.);
#1735 = LINE('',#1736,#1737);
#1736 = CARTESIAN_POINT('',(12.5,13.,-3.));
#1737 = VECTOR('',#1738,1.);
#1738 = DIRECTION('',(-1.,1.224646799147E-16,0.));
#1739 = ORIENTED_EDGE('',*,*,#1383,.F.);
#1740 = ORIENTED_EDGE('',*,*,#1741,.F.);
#1741 = EDGE_CURVE('',#1701,#1376,#1742,.T.);
#1742 = LINE('',#1743,#1744);
#1743 = CARTESIAN_POINT('',(12.5,13.,1.));
#1744 = VECTOR('',#1745,1.);
#1745 = DIRECTION('',(-1.,1.224646799147E-16,0.));
#1746 = ORIENTED_EDGE('',*,*,#1700,.F.);
#1747 = PLANE('',#1748);
#1748 = AXIS2_PLACEMENT_3D('',#1749,#1750,#1751);
#1749 = CARTESIAN_POINT('',(12.5,13.,1.));
#1750 = DIRECTION('',(2.464679914735E-18,1.,0.));
#1751 = DIRECTION('',(-1.,2.464679914735E-18,0.));
#1752 = ADVANCED_FACE('',(#1753),#1764,.T.);
#1753 = FACE_BOUND('',#1754,.T.);
#1754 = EDGE_LOOP('',(#1755,#1761,#1762,#1763));
#1755 = ORIENTED_EDGE('',*,*,#1756,.T.);
#1756 = EDGE_CURVE('',#1392,#656,#1757,.T.);
#1757 = LINE('',#1758,#1759);
#1758 = CARTESIAN_POINT('',(11.2,12.,-3.));
#1759 = VECTOR('',#1760,1.);
#1760 = DIRECTION('',(1.,-1.224646799147E-16,0.));
#1761 = ORIENTED_EDGE('',*,*,#663,.T.);
#1762 = ORIENTED_EDGE('',*,*,#1734,.T.);
#1763 = ORIENTED_EDGE('',*,*,#1391,.T.);
#1764 = PLANE('',#1765);
#1765 = AXIS2_PLACEMENT_3D('',#1766,#1767,#1768);
#1766 = CARTESIAN_POINT('',(-1.7763568394E-15,0.,-3.));
#1767 = DIRECTION('',(0.,0.,1.));
#1768 = DIRECTION('',(1.,-1.224646799147E-16,0.));
#1769 = ADVANCED_FACE('',(#1770),#1806,.T.);
#1770 = FACE_BOUND('',#1771,.T.);
#1771 = EDGE_LOOP('',(#1772,#1782,#1789,#1790,#1791,#1792,#1800));
#1772 = ORIENTED_EDGE('',*,*,#1773,.T.);
#1773 = EDGE_CURVE('',#1774,#1776,#1778,.T.);
#1774 = VERTEX_POINT('',#1775);
#1775 = CARTESIAN_POINT('',(11.2,12.,1.));
#1776 = VERTEX_POINT('',#1777);
#1777 = CARTESIAN_POINT('',(12.,12.,1.));
#1778 = LINE('',#1779,#1780);
#1779 = CARTESIAN_POINT('',(11.2,12.,1.));
#1780 = VECTOR('',#1781,1.);
#1781 = DIRECTION('',(1.,-1.224646799147E-16,0.));
#1782 = ORIENTED_EDGE('',*,*,#1783,.F.);
#1783 = EDGE_CURVE('',#648,#1776,#1784,.T.);
#1784 = CIRCLE('',#1785,0.5);
#1785 = AXIS2_PLACEMENT_3D('',#1786,#1787,#1788);
#1786 = CARTESIAN_POINT('',(12.,12.,0.5));
#1787 = DIRECTION('',(-1.224646799147E-16,-1.,0.));
#1788 = DIRECTION('',(-0.,0.,-1.));
#1789 = ORIENTED_EDGE('',*,*,#655,.T.);
#1790 = ORIENTED_EDGE('',*,*,#1756,.F.);
#1791 = ORIENTED_EDGE('',*,*,#1399,.F.);
#1792 = ORIENTED_EDGE('',*,*,#1793,.T.);
#1793 = EDGE_CURVE('',#1400,#1794,#1796,.T.);
#1794 = VERTEX_POINT('',#1795);
#1795 = CARTESIAN_POINT('',(10.6,12.,-2.6645352591E-15));
#1796 = LINE('',#1797,#1798);
#1797 = CARTESIAN_POINT('',(11.2,12.,-3.10862446895E-15));
#1798 = VECTOR('',#1799,1.);
#1799 = DIRECTION('',(-1.,1.224646799147E-16,0.));
#1800 = ORIENTED_EDGE('',*,*,#1801,.T.);
#1801 = EDGE_CURVE('',#1794,#1774,#1802,.T.);
#1802 = LINE('',#1803,#1804);
#1803 = CARTESIAN_POINT('',(10.6,12.,-3.10862446895E-15));
#1804 = VECTOR('',#1805,1.);
#1805 = DIRECTION('',(0.514495755428,-6.300755800592E-17,0.857492925713)
  );
#1806 = PLANE('',#1807);
#1807 = AXIS2_PLACEMENT_3D('',#1808,#1809,#1810);
#1808 = CARTESIAN_POINT('',(11.759566809481,12.,-0.925279663622));
#1809 = DIRECTION('',(6.524646799147E-16,1.,0.));
#1810 = DIRECTION('',(1.,-6.524646799147E-16,0.));
#1811 = ADVANCED_FACE('',(#1812),#1831,.T.);
#1812 = FACE_BOUND('',#1813,.F.);
#1813 = EDGE_LOOP('',(#1814,#1823,#1829,#1830));
#1814 = ORIENTED_EDGE('',*,*,#1815,.T.);
#1815 = EDGE_CURVE('',#640,#1816,#1818,.T.);
#1816 = VERTEX_POINT('',#1817);
#1817 = CARTESIAN_POINT('',(12.,8.,1.));
#1818 = CIRCLE('',#1819,0.5);
#1819 = AXIS2_PLACEMENT_3D('',#1820,#1821,#1822);
#1820 = CARTESIAN_POINT('',(12.,8.,0.5));
#1821 = DIRECTION('',(-1.224646799147E-16,-1.,0.));
#1822 = DIRECTION('',(-0.,0.,-1.));
#1823 = ORIENTED_EDGE('',*,*,#1824,.T.);
#1824 = EDGE_CURVE('',#1816,#1776,#1825,.T.);
#1825 = LINE('',#1826,#1827);
#1826 = CARTESIAN_POINT('',(12.,8.,1.));
#1827 = VECTOR('',#1828,1.);
#1828 = DIRECTION('',(1.224646799147E-16,1.,0.));
#1829 = ORIENTED_EDGE('',*,*,#1783,.F.);
#1830 = ORIENTED_EDGE('',*,*,#647,.F.);
#1831 = CYLINDRICAL_SURFACE('',#1832,0.5);
#1832 = AXIS2_PLACEMENT_3D('',#1833,#1834,#1835);
#1833 = CARTESIAN_POINT('',(12.,8.,0.5));
#1834 = DIRECTION('',(1.224646799147E-16,1.,0.));
#1835 = DIRECTION('',(1.,-1.224646799147E-16,0.));
#1836 = ADVANCED_FACE('',(#1837),#1848,.T.);
#1837 = FACE_BOUND('',#1838,.T.);
#1838 = EDGE_LOOP('',(#1839,#1840,#1841,#1847));
#1839 = ORIENTED_EDGE('',*,*,#1292,.T.);
#1840 = ORIENTED_EDGE('',*,*,#567,.T.);
#1841 = ORIENTED_EDGE('',*,*,#1842,.T.);
#1842 = EDGE_CURVE('',#568,#1480,#1843,.T.);
#1843 = LINE('',#1844,#1845);
#1844 = CARTESIAN_POINT('',(12.5,-12.,-3.));
#1845 = VECTOR('',#1846,1.);
#1846 = DIRECTION('',(-1.,1.224646799147E-16,0.));
#1847 = ORIENTED_EDGE('',*,*,#1487,.T.);
#1848 = PLANE('',#1849);
#1849 = AXIS2_PLACEMENT_3D('',#1850,#1851,#1852);
#1850 = CARTESIAN_POINT('',(-1.7763568394E-15,0.,-3.));
#1851 = DIRECTION('',(0.,0.,1.));
#1852 = DIRECTION('',(1.,-1.224646799147E-16,0.));
#1853 = ADVANCED_FACE('',(#1854),#1887,.T.);
#1854 = FACE_BOUND('',#1855,.T.);
#1855 = EDGE_LOOP('',(#1856,#1857,#1858,#1866,#1874,#1880,#1881));
#1856 = ORIENTED_EDGE('',*,*,#639,.F.);
#1857 = ORIENTED_EDGE('',*,*,#1815,.T.);
#1858 = ORIENTED_EDGE('',*,*,#1859,.T.);
#1859 = EDGE_CURVE('',#1816,#1860,#1862,.T.);
#1860 = VERTEX_POINT('',#1861);
#1861 = CARTESIAN_POINT('',(11.2,8.,1.));
#1862 = LINE('',#1863,#1864);
#1863 = CARTESIAN_POINT('',(12.5,8.,1.));
#1864 = VECTOR('',#1865,1.);
#1865 = DIRECTION('',(-1.,1.224646799147E-16,0.));
#1866 = ORIENTED_EDGE('',*,*,#1867,.F.);
#1867 = EDGE_CURVE('',#1868,#1860,#1870,.T.);
#1868 = VERTEX_POINT('',#1869);
#1869 = CARTESIAN_POINT('',(10.6,8.,-1.7763568394E-15));
#1870 = LINE('',#1871,#1872);
#1871 = CARTESIAN_POINT('',(10.6,8.,-2.22044604925E-15));
#1872 = VECTOR('',#1873,1.);
#1873 = DIRECTION('',(0.514495755428,-6.300755800592E-17,0.857492925713)
  );
#1874 = ORIENTED_EDGE('',*,*,#1875,.F.);
#1875 = EDGE_CURVE('',#1408,#1868,#1876,.T.);
#1876 = LINE('',#1877,#1878);
#1877 = CARTESIAN_POINT('',(11.2,8.,-2.22044604925E-15));
#1878 = VECTOR('',#1879,1.);
#1879 = DIRECTION('',(-1.,1.224646799147E-16,0.));
#1880 = ORIENTED_EDGE('',*,*,#1415,.T.);
#1881 = ORIENTED_EDGE('',*,*,#1882,.F.);
#1882 = EDGE_CURVE('',#632,#1416,#1883,.T.);
#1883 = LINE('',#1884,#1885);
#1884 = CARTESIAN_POINT('',(12.5,8.,-3.));
#1885 = VECTOR('',#1886,1.);
#1886 = DIRECTION('',(-1.,1.224646799147E-16,0.));
#1887 = PLANE('',#1888);
#1888 = AXIS2_PLACEMENT_3D('',#1889,#1890,#1891);
#1889 = CARTESIAN_POINT('',(11.759566809481,8.,-0.925279663622));
#1890 = DIRECTION('',(-5.824646799147E-16,-1.,0.));
#1891 = DIRECTION('',(-1.,5.824646799147E-16,0.));
#1892 = ADVANCED_FACE('',(#1893),#1929,.T.);
#1893 = FACE_BOUND('',#1894,.T.);
#1894 = EDGE_LOOP('',(#1895,#1896,#1905,#1913,#1921,#1927,#1928));
#1895 = ORIENTED_EDGE('',*,*,#575,.F.);
#1896 = ORIENTED_EDGE('',*,*,#1897,.T.);
#1897 = EDGE_CURVE('',#576,#1898,#1900,.T.);
#1898 = VERTEX_POINT('',#1899);
#1899 = CARTESIAN_POINT('',(12.,-12.,1.));
#1900 = CIRCLE('',#1901,0.5);
#1901 = AXIS2_PLACEMENT_3D('',#1902,#1903,#1904);
#1902 = CARTESIAN_POINT('',(12.,-12.,0.5));
#1903 = DIRECTION('',(-1.224646799147E-16,-1.,0.));
#1904 = DIRECTION('',(-0.,0.,-1.));
#1905 = ORIENTED_EDGE('',*,*,#1906,.T.);
#1906 = EDGE_CURVE('',#1898,#1907,#1909,.T.);
#1907 = VERTEX_POINT('',#1908);
#1908 = CARTESIAN_POINT('',(11.2,-12.,1.));
#1909 = LINE('',#1910,#1911);
#1910 = CARTESIAN_POINT('',(12.5,-12.,1.));
#1911 = VECTOR('',#1912,1.);
#1912 = DIRECTION('',(-1.,1.224646799147E-16,0.));
#1913 = ORIENTED_EDGE('',*,*,#1914,.F.);
#1914 = EDGE_CURVE('',#1915,#1907,#1917,.T.);
#1915 = VERTEX_POINT('',#1916);
#1916 = CARTESIAN_POINT('',(10.6,-12.,1.7763568394E-15));
#1917 = LINE('',#1918,#1919);
#1918 = CARTESIAN_POINT('',(10.6,-12.,1.7763568394E-15));
#1919 = VECTOR('',#1920,1.);
#1920 = DIRECTION('',(0.514495755428,-6.300755800592E-17,0.857492925713)
  );
#1921 = ORIENTED_EDGE('',*,*,#1922,.F.);
#1922 = EDGE_CURVE('',#1472,#1915,#1923,.T.);
#1923 = LINE('',#1924,#1925);
#1924 = CARTESIAN_POINT('',(11.2,-12.,1.7763568394E-15));
#1925 = VECTOR('',#1926,1.);
#1926 = DIRECTION('',(-1.,1.224646799147E-16,0.));
#1927 = ORIENTED_EDGE('',*,*,#1479,.T.);
#1928 = ORIENTED_EDGE('',*,*,#1842,.F.);
#1929 = PLANE('',#1930);
#1930 = AXIS2_PLACEMENT_3D('',#1931,#1932,#1933);
#1931 = CARTESIAN_POINT('',(11.759566809481,-12.,-0.925279663622));
#1932 = DIRECTION('',(-1.224646799147E-16,-1.,0.));
#1933 = DIRECTION('',(0.,0.,1.));
#1934 = ADVANCED_FACE('',(#1935),#1946,.T.);
#1935 = FACE_BOUND('',#1936,.T.);
#1936 = EDGE_LOOP('',(#1937,#1943,#1944,#1945));
#1937 = ORIENTED_EDGE('',*,*,#1938,.T.);
#1938 = EDGE_CURVE('',#1424,#624,#1939,.T.);
#1939 = LINE('',#1940,#1941);
#1940 = CARTESIAN_POINT('',(11.2,7.,-3.));
#1941 = VECTOR('',#1942,1.);
#1942 = DIRECTION('',(1.,-1.224646799147E-16,0.));
#1943 = ORIENTED_EDGE('',*,*,#631,.T.);
#1944 = ORIENTED_EDGE('',*,*,#1882,.T.);
#1945 = ORIENTED_EDGE('',*,*,#1423,.T.);
#1946 = PLANE('',#1947);
#1947 = AXIS2_PLACEMENT_3D('',#1948,#1949,#1950);
#1948 = CARTESIAN_POINT('',(-1.7763568394E-15,0.,-3.));
#1949 = DIRECTION('',(0.,0.,1.));
#1950 = DIRECTION('',(1.,-1.224646799147E-16,0.));
#1951 = ADVANCED_FACE('',(#1952),#1971,.T.);
#1952 = FACE_BOUND('',#1953,.F.);
#1953 = EDGE_LOOP('',(#1954,#1955,#1963,#1970));
#1954 = ORIENTED_EDGE('',*,*,#1897,.T.);
#1955 = ORIENTED_EDGE('',*,*,#1956,.T.);
#1956 = EDGE_CURVE('',#1898,#1957,#1959,.T.);
#1957 = VERTEX_POINT('',#1958);
#1958 = CARTESIAN_POINT('',(12.,-8.,1.));
#1959 = LINE('',#1960,#1961);
#1960 = CARTESIAN_POINT('',(12.,-12.,1.));
#1961 = VECTOR('',#1962,1.);
#1962 = DIRECTION('',(1.224646799147E-16,1.,0.));
#1963 = ORIENTED_EDGE('',*,*,#1964,.F.);
#1964 = EDGE_CURVE('',#584,#1957,#1965,.T.);
#1965 = CIRCLE('',#1966,0.5);
#1966 = AXIS2_PLACEMENT_3D('',#1967,#1968,#1969);
#1967 = CARTESIAN_POINT('',(12.,-8.,0.5));
#1968 = DIRECTION('',(-1.224646799147E-16,-1.,0.));
#1969 = DIRECTION('',(-0.,0.,-1.));
#1970 = ORIENTED_EDGE('',*,*,#583,.F.);
#1971 = CYLINDRICAL_SURFACE('',#1972,0.5);
#1972 = AXIS2_PLACEMENT_3D('',#1973,#1974,#1975);
#1973 = CARTESIAN_POINT('',(12.,-12.,0.5));
#1974 = DIRECTION('',(1.224646799147E-16,1.,0.));
#1975 = DIRECTION('',(1.,-1.224646799147E-16,0.));
#1976 = ADVANCED_FACE('',(#1977),#1997,.F.);
#1977 = FACE_BOUND('',#1978,.F.);
#1978 = EDGE_LOOP('',(#1979,#1980,#1989,#1995,#1996));
#1979 = ORIENTED_EDGE('',*,*,#623,.F.);
#1980 = ORIENTED_EDGE('',*,*,#1981,.T.);
#1981 = EDGE_CURVE('',#616,#1982,#1984,.T.);
#1982 = VERTEX_POINT('',#1983);
#1983 = CARTESIAN_POINT('',(12.,7.,1.));
#1984 = CIRCLE('',#1985,0.5);
#1985 = AXIS2_PLACEMENT_3D('',#1986,#1987,#1988);
#1986 = CARTESIAN_POINT('',(12.,7.,0.5));
#1987 = DIRECTION('',(-1.224646799147E-16,-1.,0.));
#1988 = DIRECTION('',(-0.,0.,-1.));
#1989 = ORIENTED_EDGE('',*,*,#1990,.F.);
#1990 = EDGE_CURVE('',#1432,#1982,#1991,.T.);
#1991 = LINE('',#1992,#1993);
#1992 = CARTESIAN_POINT('',(11.2,7.,1.));
#1993 = VECTOR('',#1994,1.);
#1994 = DIRECTION('',(1.,-1.224646799147E-16,0.));
#1995 = ORIENTED_EDGE('',*,*,#1431,.T.);
#1996 = ORIENTED_EDGE('',*,*,#1938,.T.);
#1997 = PLANE('',#1998);
#1998 = AXIS2_PLACEMENT_3D('',#1999,#2000,#2001);
#1999 = CARTESIAN_POINT('',(11.2,7.,1.));
#2000 = DIRECTION('',(-2.464679914735E-18,-1.,0.));
#2001 = DIRECTION('',(1.,-2.464679914735E-18,0.));
#2002 = ADVANCED_FACE('',(#2003),#2036,.T.);
#2003 = FACE_BOUND('',#2004,.T.);
#2004 = EDGE_LOOP('',(#2005,#2013,#2014,#2015,#2021,#2022,#2030));
#2005 = ORIENTED_EDGE('',*,*,#2006,.T.);
#2006 = EDGE_CURVE('',#2007,#1957,#2009,.T.);
#2007 = VERTEX_POINT('',#2008);
#2008 = CARTESIAN_POINT('',(11.2,-8.,1.));
#2009 = LINE('',#2010,#2011);
#2010 = CARTESIAN_POINT('',(11.2,-8.,1.));
#2011 = VECTOR('',#2012,1.);
#2012 = DIRECTION('',(1.,-1.224646799147E-16,0.));
#2013 = ORIENTED_EDGE('',*,*,#1964,.F.);
#2014 = ORIENTED_EDGE('',*,*,#591,.T.);
#2015 = ORIENTED_EDGE('',*,*,#2016,.F.);
#2016 = EDGE_CURVE('',#1456,#592,#2017,.T.);
#2017 = LINE('',#2018,#2019);
#2018 = CARTESIAN_POINT('',(11.2,-8.,-3.));
#2019 = VECTOR('',#2020,1.);
#2020 = DIRECTION('',(1.,-1.224646799147E-16,0.));
#2021 = ORIENTED_EDGE('',*,*,#1463,.F.);
#2022 = ORIENTED_EDGE('',*,*,#2023,.T.);
#2023 = EDGE_CURVE('',#1464,#2024,#2026,.T.);
#2024 = VERTEX_POINT('',#2025);
#2025 = CARTESIAN_POINT('',(10.6,-8.,8.881784197001E-16));
#2026 = LINE('',#2027,#2028);
#2027 = CARTESIAN_POINT('',(11.2,-8.,8.881784197001E-16));
#2028 = VECTOR('',#2029,1.);
#2029 = DIRECTION('',(-1.,1.224646799147E-16,0.));
#2030 = ORIENTED_EDGE('',*,*,#2031,.T.);
#2031 = EDGE_CURVE('',#2024,#2007,#2032,.T.);
#2032 = LINE('',#2033,#2034);
#2033 = CARTESIAN_POINT('',(10.6,-8.,8.881784197001E-16));
#2034 = VECTOR('',#2035,1.);
#2035 = DIRECTION('',(0.514495755428,-6.300755800592E-17,0.857492925713)
  );
#2036 = PLANE('',#2037);
#2037 = AXIS2_PLACEMENT_3D('',#2038,#2039,#2040);
#2038 = CARTESIAN_POINT('',(11.759566809481,-8.,-0.925279663622));
#2039 = DIRECTION('',(1.224646799147E-16,1.,0.));
#2040 = DIRECTION('',(0.,0.,-1.));
#2041 = ADVANCED_FACE('',(#2042),#2061,.T.);
#2042 = FACE_BOUND('',#2043,.F.);
#2043 = EDGE_LOOP('',(#2044,#2053,#2059,#2060));
#2044 = ORIENTED_EDGE('',*,*,#2045,.T.);
#2045 = EDGE_CURVE('',#608,#2046,#2048,.T.);
#2046 = VERTEX_POINT('',#2047);
#2047 = CARTESIAN_POINT('',(12.,-7.,1.));
#2048 = CIRCLE('',#2049,0.5);
#2049 = AXIS2_PLACEMENT_3D('',#2050,#2051,#2052);
#2050 = CARTESIAN_POINT('',(12.,-7.,0.5));
#2051 = DIRECTION('',(-1.224646799147E-16,-1.,0.));
#2052 = DIRECTION('',(-0.,0.,-1.));
#2053 = ORIENTED_EDGE('',*,*,#2054,.T.);
#2054 = EDGE_CURVE('',#2046,#1982,#2055,.T.);
#2055 = LINE('',#2056,#2057);
#2056 = CARTESIAN_POINT('',(12.,-7.,1.));
#2057 = VECTOR('',#2058,1.);
#2058 = DIRECTION('',(1.224646799147E-16,1.,0.));
#2059 = ORIENTED_EDGE('',*,*,#1981,.F.);
#2060 = ORIENTED_EDGE('',*,*,#615,.F.);
#2061 = CYLINDRICAL_SURFACE('',#2062,0.5);
#2062 = AXIS2_PLACEMENT_3D('',#2063,#2064,#2065);
#2063 = CARTESIAN_POINT('',(12.,-7.,0.5));
#2064 = DIRECTION('',(1.224646799147E-16,1.,0.));
#2065 = DIRECTION('',(1.,-1.224646799147E-16,0.));
#2066 = ADVANCED_FACE('',(#2067),#2078,.T.);
#2067 = FACE_BOUND('',#2068,.T.);
#2068 = EDGE_LOOP('',(#2069,#2070,#2071,#2077));
#2069 = ORIENTED_EDGE('',*,*,#2016,.T.);
#2070 = ORIENTED_EDGE('',*,*,#599,.T.);
#2071 = ORIENTED_EDGE('',*,*,#2072,.T.);
#2072 = EDGE_CURVE('',#600,#1448,#2073,.T.);
#2073 = LINE('',#2074,#2075);
#2074 = CARTESIAN_POINT('',(12.5,-7.,-3.));
#2075 = VECTOR('',#2076,1.);
#2076 = DIRECTION('',(-1.,1.224646799147E-16,0.));
#2077 = ORIENTED_EDGE('',*,*,#1455,.T.);
#2078 = PLANE('',#2079);
#2079 = AXIS2_PLACEMENT_3D('',#2080,#2081,#2082);
#2080 = CARTESIAN_POINT('',(-1.7763568394E-15,0.,-3.));
#2081 = DIRECTION('',(0.,0.,1.));
#2082 = DIRECTION('',(1.,-1.224646799147E-16,0.));
#2083 = ADVANCED_FACE('',(#2084),#2096,.F.);
#2084 = FACE_BOUND('',#2085,.F.);
#2085 = EDGE_LOOP('',(#2086,#2087,#2088,#2089,#2095));
#2086 = ORIENTED_EDGE('',*,*,#607,.T.);
#2087 = ORIENTED_EDGE('',*,*,#2072,.T.);
#2088 = ORIENTED_EDGE('',*,*,#1447,.F.);
#2089 = ORIENTED_EDGE('',*,*,#2090,.F.);
#2090 = EDGE_CURVE('',#2046,#1440,#2091,.T.);
#2091 = LINE('',#2092,#2093);
#2092 = CARTESIAN_POINT('',(12.5,-7.,1.));
#2093 = VECTOR('',#2094,1.);
#2094 = DIRECTION('',(-1.,1.224646799147E-16,0.));
#2095 = ORIENTED_EDGE('',*,*,#2045,.F.);
#2096 = PLANE('',#2097);
#2097 = AXIS2_PLACEMENT_3D('',#2098,#2099,#2100);
#2098 = CARTESIAN_POINT('',(12.5,-7.,1.));
#2099 = DIRECTION('',(2.464679914735E-18,1.,0.));
#2100 = DIRECTION('',(-1.,2.464679914735E-18,0.));
#2101 = ADVANCED_FACE('',(#2102),#2107,.T.);
#2102 = FACE_BOUND('',#2103,.F.);
#2103 = EDGE_LOOP('',(#2104,#2105,#2106));
#2104 = ORIENTED_EDGE('',*,*,#755,.F.);
#2105 = ORIENTED_EDGE('',*,*,#711,.T.);
#2106 = ORIENTED_EDGE('',*,*,#1654,.F.);
#2107 = SPHERICAL_SURFACE('',#2108,1.);
#2108 = AXIS2_PLACEMENT_3D('',#2109,#2110,#2111);
#2109 = CARTESIAN_POINT('',(-11.5,16.5,-4.));
#2110 = DIRECTION('',(1.,-1.224646799147E-16,0.));
#2111 = DIRECTION('',(1.224646799147E-16,1.,-6.123233995737E-17));
#2112 = ADVANCED_FACE('',(#2113),#2133,.T.);
#2113 = FACE_BOUND('',#2114,.F.);
#2114 = EDGE_LOOP('',(#2115,#2124,#2131,#2132));
#2115 = ORIENTED_EDGE('',*,*,#2116,.F.);
#2116 = EDGE_CURVE('',#2117,#765,#2119,.T.);
#2117 = VERTEX_POINT('',#2118);
#2118 = CARTESIAN_POINT('',(-11.5,17.,1.));
#2119 = CIRCLE('',#2120,0.5);
#2120 = AXIS2_PLACEMENT_3D('',#2121,#2122,#2123);
#2121 = CARTESIAN_POINT('',(-11.5,17.,0.5));
#2122 = DIRECTION('',(-1.,1.224646799147E-16,0.));
#2123 = DIRECTION('',(0.,0.,1.));
#2124 = ORIENTED_EDGE('',*,*,#2125,.T.);
#2125 = EDGE_CURVE('',#2117,#812,#2126,.T.);
#2126 = CIRCLE('',#2127,0.5);
#2127 = AXIS2_PLACEMENT_3D('',#2128,#2129,#2130);
#2128 = CARTESIAN_POINT('',(-11.5,16.5,1.));
#2129 = DIRECTION('',(0.,-0.,1.));
#2130 = DIRECTION('',(1.224646799147E-16,1.,0.));
#2131 = ORIENTED_EDGE('',*,*,#811,.T.);
#2132 = ORIENTED_EDGE('',*,*,#772,.F.);
#2133 = TOROIDAL_SURFACE('',#2134,0.5,0.5);
#2134 = AXIS2_PLACEMENT_3D('',#2135,#2136,#2137);
#2135 = CARTESIAN_POINT('',(-11.5,16.5,0.5));
#2136 = DIRECTION('',(0.,0.,-1.));
#2137 = DIRECTION('',(1.224646799147E-16,1.,0.));
#2138 = ADVANCED_FACE('',(#2139),#2182,.F.);
#2139 = FACE_BOUND('',#2140,.F.);
#2140 = EDGE_LOOP('',(#2141,#2142,#2143,#2144,#2152,#2160,#2168,#2176));
#2141 = ORIENTED_EDGE('',*,*,#764,.F.);
#2142 = ORIENTED_EDGE('',*,*,#1648,.F.);
#2143 = ORIENTED_EDGE('',*,*,#1677,.T.);
#2144 = ORIENTED_EDGE('',*,*,#2145,.T.);
#2145 = EDGE_CURVE('',#1678,#2146,#2148,.T.);
#2146 = VERTEX_POINT('',#2147);
#2147 = CARTESIAN_POINT('',(8.,17.5,0.5));
#2148 = LINE('',#2149,#2150);
#2149 = CARTESIAN_POINT('',(11.5,17.5,0.5));
#2150 = VECTOR('',#2151,1.);
#2151 = DIRECTION('',(-1.,1.224646799147E-16,0.));
#2152 = ORIENTED_EDGE('',*,*,#2153,.T.);
#2153 = EDGE_CURVE('',#2146,#2154,#2156,.T.);
#2154 = VERTEX_POINT('',#2155);
#2155 = CARTESIAN_POINT('',(8.,17.5,0.));
#2156 = LINE('',#2157,#2158);
#2157 = CARTESIAN_POINT('',(8.,17.5,1.));
#2158 = VECTOR('',#2159,1.);
#2159 = DIRECTION('',(0.,0.,-1.));
#2160 = ORIENTED_EDGE('',*,*,#2161,.T.);
#2161 = EDGE_CURVE('',#2154,#2162,#2164,.T.);
#2162 = VERTEX_POINT('',#2163);
#2163 = CARTESIAN_POINT('',(-8.,17.5,0.));
#2164 = LINE('',#2165,#2166);
#2165 = CARTESIAN_POINT('',(8.,17.5,0.));
#2166 = VECTOR('',#2167,1.);
#2167 = DIRECTION('',(-1.,1.224646799147E-16,0.));
#2168 = ORIENTED_EDGE('',*,*,#2169,.F.);
#2169 = EDGE_CURVE('',#2170,#2162,#2172,.T.);
#2170 = VERTEX_POINT('',#2171);
#2171 = CARTESIAN_POINT('',(-8.,17.5,0.5));
#2172 = LINE('',#2173,#2174);
#2173 = CARTESIAN_POINT('',(-8.,17.5,1.));
#2174 = VECTOR('',#2175,1.);
#2175 = DIRECTION('',(0.,0.,-1.));
#2176 = ORIENTED_EDGE('',*,*,#2177,.T.);
#2177 = EDGE_CURVE('',#2170,#765,#2178,.T.);
#2178 = LINE('',#2179,#2180);
#2179 = CARTESIAN_POINT('',(-8.,17.5,0.5));
#2180 = VECTOR('',#2181,1.);
#2181 = DIRECTION('',(-1.,1.224646799147E-16,0.));
#2182 = PLANE('',#2183);
#2183 = AXIS2_PLACEMENT_3D('',#2184,#2185,#2186);
#2184 = CARTESIAN_POINT('',(12.5,17.5,-5.));
#2185 = DIRECTION('',(-1.224646799147E-16,-1.,0.));
#2186 = DIRECTION('',(-1.,1.224646799147E-16,0.));
#2187 = ADVANCED_FACE('',(#2188),#2216,.T.);
#2188 = FACE_BOUND('',#2189,.T.);
#2189 = EDGE_LOOP('',(#2190,#2200,#2206,#2207,#2208,#2209,#2210));
#2190 = ORIENTED_EDGE('',*,*,#2191,.F.);
#2191 = EDGE_CURVE('',#2192,#2194,#2196,.T.);
#2192 = VERTEX_POINT('',#2193);
#2193 = CARTESIAN_POINT('',(-8.,17.,1.));
#2194 = VERTEX_POINT('',#2195);
#2195 = CARTESIAN_POINT('',(-8.,16.2,1.));
#2196 = LINE('',#2197,#2198);
#2197 = CARTESIAN_POINT('',(-8.,17.5,1.));
#2198 = VECTOR('',#2199,1.);
#2199 = DIRECTION('',(-1.224646799147E-16,-1.,0.));
#2200 = ORIENTED_EDGE('',*,*,#2201,.T.);
#2201 = EDGE_CURVE('',#2192,#2117,#2202,.T.);
#2202 = LINE('',#2203,#2204);
#2203 = CARTESIAN_POINT('',(-8.,17.,1.));
#2204 = VECTOR('',#2205,1.);
#2205 = DIRECTION('',(-1.,1.224646799147E-16,0.));
#2206 = ORIENTED_EDGE('',*,*,#2125,.T.);
#2207 = ORIENTED_EDGE('',*,*,#830,.T.);
#2208 = ORIENTED_EDGE('',*,*,#895,.F.);
#2209 = ORIENTED_EDGE('',*,*,#1526,.F.);
#2210 = ORIENTED_EDGE('',*,*,#2211,.F.);
#2211 = EDGE_CURVE('',#2194,#1527,#2212,.T.);
#2212 = LINE('',#2213,#2214);
#2213 = CARTESIAN_POINT('',(11.2,16.2,1.));
#2214 = VECTOR('',#2215,1.);
#2215 = DIRECTION('',(-1.,1.224646799147E-16,0.));
#2216 = PLANE('',#2217);
#2217 = AXIS2_PLACEMENT_3D('',#2218,#2219,#2220);
#2218 = CARTESIAN_POINT('',(-1.7763568394E-15,0.,1.));
#2219 = DIRECTION('',(0.,0.,1.));
#2220 = DIRECTION('',(1.,-1.224646799147E-16,0.));
#2221 = ADVANCED_FACE('',(#2222),#2233,.T.);
#2222 = FACE_BOUND('',#2223,.T.);
#2223 = EDGE_LOOP('',(#2224,#2225,#2226,#2227));
#2224 = ORIENTED_EDGE('',*,*,#976,.F.);
#2225 = ORIENTED_EDGE('',*,*,#934,.T.);
#2226 = ORIENTED_EDGE('',*,*,#844,.F.);
#2227 = ORIENTED_EDGE('',*,*,#2228,.F.);
#2228 = EDGE_CURVE('',#977,#845,#2229,.T.);
#2229 = LINE('',#2230,#2231);
#2230 = CARTESIAN_POINT('',(-11.2,16.2,1.));
#2231 = VECTOR('',#2232,1.);
#2232 = DIRECTION('',(-1.224646799147E-16,-1.,0.));
#2233 = PLANE('',#2234);
#2234 = AXIS2_PLACEMENT_3D('',#2235,#2236,#2237);
#2235 = CARTESIAN_POINT('',(-1.7763568394E-15,0.,1.));
#2236 = DIRECTION('',(0.,0.,1.));
#2237 = DIRECTION('',(1.,-1.224646799147E-16,0.));
#2238 = ADVANCED_FACE('',(#2239),#2250,.T.);
#2239 = FACE_BOUND('',#2240,.F.);
#2240 = EDGE_LOOP('',(#2241,#2247,#2248,#2249));
#2241 = ORIENTED_EDGE('',*,*,#2242,.T.);
#2242 = EDGE_CURVE('',#985,#872,#2243,.T.);
#2243 = LINE('',#2244,#2245);
#2244 = CARTESIAN_POINT('',(-10.6,-8.,8.881784197001E-16));
#2245 = VECTOR('',#2246,1.);
#2246 = DIRECTION('',(-2.464679914735E-18,-1.,2.2E-16));
#2247 = ORIENTED_EDGE('',*,*,#879,.T.);
#2248 = ORIENTED_EDGE('',*,*,#2228,.F.);
#2249 = ORIENTED_EDGE('',*,*,#984,.F.);
#2250 = PLANE('',#2251);
#2251 = AXIS2_PLACEMENT_3D('',#2252,#2253,#2254);
#2252 = CARTESIAN_POINT('',(-10.6,-8.,8.881784197001E-16));
#2253 = DIRECTION('',(0.857492925713,1.149874033235E-16,0.514495755428)
  );
#2254 = DIRECTION('',(0.514495755428,-1.930075580059E-16,-0.857492925713
    ));
#2255 = ADVANCED_FACE('',(#2256),#2262,.T.);
#2256 = FACE_BOUND('',#2257,.F.);
#2257 = EDGE_LOOP('',(#2258,#2259,#2260,#2261));
#2258 = ORIENTED_EDGE('',*,*,#1585,.T.);
#2259 = ORIENTED_EDGE('',*,*,#871,.T.);
#2260 = ORIENTED_EDGE('',*,*,#2242,.F.);
#2261 = ORIENTED_EDGE('',*,*,#992,.F.);
#2262 = PLANE('',#2263);
#2263 = AXIS2_PLACEMENT_3D('',#2264,#2265,#2266);
#2264 = CARTESIAN_POINT('',(-11.2,-8.,8.881784197001E-16));
#2265 = DIRECTION('',(-2.694222958124E-32,-2.2E-16,-1.));
#2266 = DIRECTION('',(-1.,2.464679914735E-18,2.64E-32));
#2267 = ADVANCED_FACE('',(#2268),#2279,.T.);
#2268 = FACE_BOUND('',#2269,.T.);
#2269 = EDGE_LOOP('',(#2270,#2271,#2272,#2273));
#2270 = ORIENTED_EDGE('',*,*,#1032,.F.);
#2271 = ORIENTED_EDGE('',*,*,#1096,.T.);
#2272 = ORIENTED_EDGE('',*,*,#1153,.F.);
#2273 = ORIENTED_EDGE('',*,*,#2274,.F.);
#2274 = EDGE_CURVE('',#1033,#1154,#2275,.T.);
#2275 = LINE('',#2276,#2277);
#2276 = CARTESIAN_POINT('',(-11.2,16.2,1.));
#2277 = VECTOR('',#2278,1.);
#2278 = DIRECTION('',(-1.224646799147E-16,-1.,0.));
#2279 = PLANE('',#2280);
#2280 = AXIS2_PLACEMENT_3D('',#2281,#2282,#2283);
#2281 = CARTESIAN_POINT('',(-1.7763568394E-15,0.,1.));
#2282 = DIRECTION('',(0.,0.,1.));
#2283 = DIRECTION('',(1.,-1.224646799147E-16,0.));
#2284 = ADVANCED_FACE('',(#2285),#2296,.T.);
#2285 = FACE_BOUND('',#2286,.F.);
#2286 = EDGE_LOOP('',(#2287,#2293,#2294,#2295));
#2287 = ORIENTED_EDGE('',*,*,#2288,.T.);
#2288 = EDGE_CURVE('',#1041,#1180,#2289,.T.);
#2289 = LINE('',#2290,#2291);
#2290 = CARTESIAN_POINT('',(-10.6,12.,-2.6645352591E-15));
#2291 = VECTOR('',#2292,1.);
#2292 = DIRECTION('',(-2.464679914735E-18,-1.,2.2E-16));
#2293 = ORIENTED_EDGE('',*,*,#1187,.T.);
#2294 = ORIENTED_EDGE('',*,*,#2274,.F.);
#2295 = ORIENTED_EDGE('',*,*,#1040,.F.);
#2296 = PLANE('',#2297);
#2297 = AXIS2_PLACEMENT_3D('',#2298,#2299,#2300);
#2298 = CARTESIAN_POINT('',(-10.6,12.,-2.6645352591E-15));
#2299 = DIRECTION('',(0.857492925713,1.149874033235E-16,0.514495755428)
  );
#2300 = DIRECTION('',(0.514495755428,-1.930075580059E-16,-0.857492925713
    ));
#2301 = ADVANCED_FACE('',(#2302),#2308,.T.);
#2302 = FACE_BOUND('',#2303,.F.);
#2303 = EDGE_LOOP('',(#2304,#2305,#2306,#2307));
#2304 = ORIENTED_EDGE('',*,*,#1603,.T.);
#2305 = ORIENTED_EDGE('',*,*,#1179,.T.);
#2306 = ORIENTED_EDGE('',*,*,#2288,.F.);
#2307 = ORIENTED_EDGE('',*,*,#1048,.F.);
#2308 = PLANE('',#2309);
#2309 = AXIS2_PLACEMENT_3D('',#2310,#2311,#2312);
#2310 = CARTESIAN_POINT('',(-11.2,12.,-2.6645352591E-15));
#2311 = DIRECTION('',(-2.694222958124E-32,-2.2E-16,-1.));
#2312 = DIRECTION('',(-1.,2.464679914735E-18,2.64E-32));
#2313 = ADVANCED_FACE('',(#2314),#2320,.T.);
#2314 = FACE_BOUND('',#2315,.T.);
#2315 = EDGE_LOOP('',(#2316,#2317,#2318,#2319));
#2316 = ORIENTED_EDGE('',*,*,#1260,.F.);
#2317 = ORIENTED_EDGE('',*,*,#1210,.T.);
#2318 = ORIENTED_EDGE('',*,*,#1130,.F.);
#2319 = ORIENTED_EDGE('',*,*,#1594,.F.);
#2320 = PLANE('',#2321);
#2321 = AXIS2_PLACEMENT_3D('',#2322,#2323,#2324);
#2322 = CARTESIAN_POINT('',(-1.7763568394E-15,0.,1.));
#2323 = DIRECTION('',(0.,0.,1.));
#2324 = DIRECTION('',(1.,-1.224646799147E-16,0.));
#2325 = ADVANCED_FACE('',(#2326),#2337,.T.);
#2326 = FACE_BOUND('',#2327,.T.);
#2327 = EDGE_LOOP('',(#2328,#2329,#2330,#2336));
#2328 = ORIENTED_EDGE('',*,*,#1471,.T.);
#2329 = ORIENTED_EDGE('',*,*,#1922,.T.);
#2330 = ORIENTED_EDGE('',*,*,#2331,.F.);
#2331 = EDGE_CURVE('',#2024,#1915,#2332,.T.);
#2332 = LINE('',#2333,#2334);
#2333 = CARTESIAN_POINT('',(10.6,-8.,8.881784197001E-16));
#2334 = VECTOR('',#2335,1.);
#2335 = DIRECTION('',(-2.464679914735E-18,-1.,2.2E-16));
#2336 = ORIENTED_EDGE('',*,*,#2023,.F.);
#2337 = PLANE('',#2338);
#2338 = AXIS2_PLACEMENT_3D('',#2339,#2340,#2341);
#2339 = CARTESIAN_POINT('',(11.2,-8.,8.881784197001E-16));
#2340 = DIRECTION('',(-2.694222958124E-32,-2.2E-16,-1.));
#2341 = DIRECTION('',(-1.,2.464679914735E-18,2.64E-32));
#2342 = ADVANCED_FACE('',(#2343),#2349,.T.);
#2343 = FACE_BOUND('',#2344,.T.);
#2344 = EDGE_LOOP('',(#2345,#2346,#2347,#2348));
#2345 = ORIENTED_EDGE('',*,*,#2090,.F.);
#2346 = ORIENTED_EDGE('',*,*,#2054,.T.);
#2347 = ORIENTED_EDGE('',*,*,#1990,.F.);
#2348 = ORIENTED_EDGE('',*,*,#1439,.F.);
#2349 = PLANE('',#2350);
#2350 = AXIS2_PLACEMENT_3D('',#2351,#2352,#2353);
#2351 = CARTESIAN_POINT('',(-1.7763568394E-15,0.,1.));
#2352 = DIRECTION('',(0.,0.,1.));
#2353 = DIRECTION('',(1.,-1.224646799147E-16,0.));
#2354 = ADVANCED_FACE('',(#2355),#2366,.T.);
#2355 = FACE_BOUND('',#2356,.T.);
#2356 = EDGE_LOOP('',(#2357,#2358,#2359,#2365));
#2357 = ORIENTED_EDGE('',*,*,#1407,.T.);
#2358 = ORIENTED_EDGE('',*,*,#1875,.T.);
#2359 = ORIENTED_EDGE('',*,*,#2360,.F.);
#2360 = EDGE_CURVE('',#1794,#1868,#2361,.T.);
#2361 = LINE('',#2362,#2363);
#2362 = CARTESIAN_POINT('',(10.6,12.,-2.6645352591E-15));
#2363 = VECTOR('',#2364,1.);
#2364 = DIRECTION('',(-2.464679914735E-18,-1.,2.2E-16));
#2365 = ORIENTED_EDGE('',*,*,#1793,.F.);
#2366 = PLANE('',#2367);
#2367 = AXIS2_PLACEMENT_3D('',#2368,#2369,#2370);
#2368 = CARTESIAN_POINT('',(11.2,12.,-2.6645352591E-15));
#2369 = DIRECTION('',(-2.694222958124E-32,-2.2E-16,-1.));
#2370 = DIRECTION('',(-1.,2.464679914735E-18,2.64E-32));
#2371 = ADVANCED_FACE('',(#2372),#2408,.T.);
#2372 = FACE_BOUND('',#2373,.T.);
#2373 = EDGE_LOOP('',(#2374,#2384,#2390,#2391,#2392,#2393,#2402));
#2374 = ORIENTED_EDGE('',*,*,#2375,.F.);
#2375 = EDGE_CURVE('',#2376,#2378,#2380,.T.);
#2376 = VERTEX_POINT('',#2377);
#2377 = CARTESIAN_POINT('',(8.,16.2,1.));
#2378 = VERTEX_POINT('',#2379);
#2379 = CARTESIAN_POINT('',(8.,17.,1.));
#2380 = LINE('',#2381,#2382);
#2381 = CARTESIAN_POINT('',(8.,16.2,1.));
#2382 = VECTOR('',#2383,1.);
#2383 = DIRECTION('',(1.224646799147E-16,1.,0.));
#2384 = ORIENTED_EDGE('',*,*,#2385,.F.);
#2385 = EDGE_CURVE('',#1368,#2376,#2386,.T.);
#2386 = LINE('',#2387,#2388);
#2387 = CARTESIAN_POINT('',(11.2,16.2,1.));
#2388 = VECTOR('',#2389,1.);
#2389 = DIRECTION('',(-1.,1.224646799147E-16,0.));
#2390 = ORIENTED_EDGE('',*,*,#1375,.F.);
#2391 = ORIENTED_EDGE('',*,*,#1741,.F.);
#2392 = ORIENTED_EDGE('',*,*,#1709,.T.);
#2393 = ORIENTED_EDGE('',*,*,#2394,.T.);
#2394 = EDGE_CURVE('',#1710,#2395,#2397,.T.);
#2395 = VERTEX_POINT('',#2396);
#2396 = CARTESIAN_POINT('',(11.5,17.,1.));
#2397 = CIRCLE('',#2398,0.5);
#2398 = AXIS2_PLACEMENT_3D('',#2399,#2400,#2401);
#2399 = CARTESIAN_POINT('',(11.5,16.5,1.));
#2400 = DIRECTION('',(-0.,0.,1.));
#2401 = DIRECTION('',(1.,-9.551319483836E-16,0.));
#2402 = ORIENTED_EDGE('',*,*,#2403,.T.);
#2403 = EDGE_CURVE('',#2395,#2378,#2404,.T.);
#2404 = LINE('',#2405,#2406);
#2405 = CARTESIAN_POINT('',(11.5,17.,1.));
#2406 = VECTOR('',#2407,1.);
#2407 = DIRECTION('',(-1.,1.224646799147E-16,0.));
#2408 = PLANE('',#2409);
#2409 = AXIS2_PLACEMENT_3D('',#2410,#2411,#2412);
#2410 = CARTESIAN_POINT('',(-1.7763568394E-15,0.,1.));
#2411 = DIRECTION('',(0.,0.,1.));
#2412 = DIRECTION('',(1.,-1.224646799147E-16,0.));
#2413 = ADVANCED_FACE('',(#2414),#2448,.F.);
#2414 = FACE_BOUND('',#2415,.F.);
#2415 = EDGE_LOOP('',(#2416,#2417,#2418,#2424,#2425,#2426,#2434,#2442));
#2416 = ORIENTED_EDGE('',*,*,#2385,.F.);
#2417 = ORIENTED_EDGE('',*,*,#1367,.T.);
#2418 = ORIENTED_EDGE('',*,*,#2419,.T.);
#2419 = EDGE_CURVE('',#1360,#1535,#2420,.T.);
#2420 = LINE('',#2421,#2422);
#2421 = CARTESIAN_POINT('',(11.2,16.2,-1.89));
#2422 = VECTOR('',#2423,1.);
#2423 = DIRECTION('',(-1.,1.224646799147E-16,0.));
#2424 = ORIENTED_EDGE('',*,*,#1534,.F.);
#2425 = ORIENTED_EDGE('',*,*,#2211,.F.);
#2426 = ORIENTED_EDGE('',*,*,#2427,.T.);
#2427 = EDGE_CURVE('',#2194,#2428,#2430,.T.);
#2428 = VERTEX_POINT('',#2429);
#2429 = CARTESIAN_POINT('',(-8.,16.2,0.));
#2430 = LINE('',#2431,#2432);
#2431 = CARTESIAN_POINT('',(-8.,16.2,1.));
#2432 = VECTOR('',#2433,1.);
#2433 = DIRECTION('',(0.,0.,-1.));
#2434 = ORIENTED_EDGE('',*,*,#2435,.T.);
#2435 = EDGE_CURVE('',#2428,#2436,#2438,.T.);
#2436 = VERTEX_POINT('',#2437);
#2437 = CARTESIAN_POINT('',(8.,16.2,0.));
#2438 = LINE('',#2439,#2440);
#2439 = CARTESIAN_POINT('',(-8.,16.2,0.));
#2440 = VECTOR('',#2441,1.);
#2441 = DIRECTION('',(1.,-1.224646799147E-16,0.));
#2442 = ORIENTED_EDGE('',*,*,#2443,.F.);
#2443 = EDGE_CURVE('',#2376,#2436,#2444,.T.);
#2444 = LINE('',#2445,#2446);
#2445 = CARTESIAN_POINT('',(8.,16.2,1.));
#2446 = VECTOR('',#2447,1.);
#2447 = DIRECTION('',(0.,0.,-1.));
#2448 = PLANE('',#2449);
#2449 = AXIS2_PLACEMENT_3D('',#2450,#2451,#2452);
#2450 = CARTESIAN_POINT('',(11.2,16.2,1.));
#2451 = DIRECTION('',(1.224646799147E-16,1.,0.));
#2452 = DIRECTION('',(-1.,1.224646799147E-16,0.));
#2453 = ADVANCED_FACE('',(#2454),#2465,.T.);
#2454 = FACE_BOUND('',#2455,.T.);
#2455 = EDGE_LOOP('',(#2456,#2457,#2458,#2459));
#2456 = ORIENTED_EDGE('',*,*,#1359,.F.);
#2457 = ORIENTED_EDGE('',*,*,#2419,.T.);
#2458 = ORIENTED_EDGE('',*,*,#1542,.T.);
#2459 = ORIENTED_EDGE('',*,*,#2460,.F.);
#2460 = EDGE_CURVE('',#1352,#1543,#2461,.T.);
#2461 = LINE('',#2462,#2463);
#2462 = CARTESIAN_POINT('',(11.2,13.2,-1.89));
#2463 = VECTOR('',#2464,1.);
#2464 = DIRECTION('',(-1.,1.224646799147E-16,0.));
#2465 = PLANE('',#2466);
#2466 = AXIS2_PLACEMENT_3D('',#2467,#2468,#2469);
#2467 = CARTESIAN_POINT('',(11.2,16.2,-1.89));
#2468 = DIRECTION('',(0.,0.,1.));
#2469 = DIRECTION('',(-1.,1.224646799147E-16,0.));
#2470 = ADVANCED_FACE('',(#2471),#2482,.T.);
#2471 = FACE_BOUND('',#2472,.T.);
#2472 = EDGE_LOOP('',(#2473,#2479,#2480,#2481));
#2473 = ORIENTED_EDGE('',*,*,#2474,.F.);
#2474 = EDGE_CURVE('',#1344,#1551,#2475,.T.);
#2475 = LINE('',#2476,#2477);
#2476 = CARTESIAN_POINT('',(11.2,13.2,-4.));
#2477 = VECTOR('',#2478,1.);
#2478 = DIRECTION('',(-1.,1.224646799147E-16,0.));
#2479 = ORIENTED_EDGE('',*,*,#1351,.T.);
#2480 = ORIENTED_EDGE('',*,*,#2460,.T.);
#2481 = ORIENTED_EDGE('',*,*,#1550,.F.);
#2482 = PLANE('',#2483);
#2483 = AXIS2_PLACEMENT_3D('',#2484,#2485,#2486);
#2484 = CARTESIAN_POINT('',(11.2,13.2,-4.));
#2485 = DIRECTION('',(-1.224646799147E-16,-1.,0.));
#2486 = DIRECTION('',(0.,0.,1.));
#2487 = ADVANCED_FACE('',(#2488),#2499,.T.);
#2488 = FACE_BOUND('',#2489,.T.);
#2489 = EDGE_LOOP('',(#2490,#2491,#2492,#2498));
#2490 = ORIENTED_EDGE('',*,*,#2474,.T.);
#2491 = ORIENTED_EDGE('',*,*,#1558,.T.);
#2492 = ORIENTED_EDGE('',*,*,#2493,.F.);
#2493 = EDGE_CURVE('',#1336,#1559,#2494,.T.);
#2494 = LINE('',#2495,#2496);
#2495 = CARTESIAN_POINT('',(11.2,-13.2,-4.));
#2496 = VECTOR('',#2497,1.);
#2497 = DIRECTION('',(-1.,-3.675353200853E-16,0.));
#2498 = ORIENTED_EDGE('',*,*,#1343,.T.);
#2499 = PLANE('',#2500);
#2500 = AXIS2_PLACEMENT_3D('',#2501,#2502,#2503);
#2501 = CARTESIAN_POINT('',(-1.7763568394E-15,0.,-4.));
#2502 = DIRECTION('',(0.,0.,1.));
#2503 = DIRECTION('',(1.,-1.224646799147E-16,0.));
#2504 = ADVANCED_FACE('',(#2505),#2516,.T.);
#2505 = FACE_BOUND('',#2506,.F.);
#2506 = EDGE_LOOP('',(#2507,#2508,#2509,#2515));
#2507 = ORIENTED_EDGE('',*,*,#2493,.F.);
#2508 = ORIENTED_EDGE('',*,*,#1335,.T.);
#2509 = ORIENTED_EDGE('',*,*,#2510,.T.);
#2510 = EDGE_CURVE('',#1328,#1567,#2511,.T.);
#2511 = LINE('',#2512,#2513);
#2512 = CARTESIAN_POINT('',(11.2,-13.2,-1.89));
#2513 = VECTOR('',#2514,1.);
#2514 = DIRECTION('',(-1.,-3.675353200853E-16,0.));
#2515 = ORIENTED_EDGE('',*,*,#1566,.F.);
#2516 = PLANE('',#2517);
#2517 = AXIS2_PLACEMENT_3D('',#2518,#2519,#2520);
#2518 = CARTESIAN_POINT('',(11.2,-13.2,-4.));
#2519 = DIRECTION('',(-3.675353200853E-16,1.,4.4E-16));
#2520 = DIRECTION('',(5.388445916248E-32,4.4E-16,-1.));
#2521 = ADVANCED_FACE('',(#2522),#2528,.T.);
#2522 = FACE_BOUND('',#2523,.F.);
#2523 = EDGE_LOOP('',(#2524,#2525,#2526,#2527));
#2524 = ORIENTED_EDGE('',*,*,#1327,.F.);
#2525 = ORIENTED_EDGE('',*,*,#1511,.T.);
#2526 = ORIENTED_EDGE('',*,*,#1574,.T.);
#2527 = ORIENTED_EDGE('',*,*,#2510,.F.);
#2528 = PLANE('',#2529);
#2529 = AXIS2_PLACEMENT_3D('',#2530,#2531,#2532);
#2530 = CARTESIAN_POINT('',(11.2,-16.2,-1.89));
#2531 = DIRECTION('',(-5.388445916248E-32,-4.4E-16,1.));
#2532 = DIRECTION('',(1.,3.675353200853E-16,2.156E-31));
#2533 = ADVANCED_FACE('',(#2534),#2539,.T.);
#2534 = FACE_BOUND('',#2535,.F.);
#2535 = EDGE_LOOP('',(#2536,#2537,#2538));
#2536 = ORIENTED_EDGE('',*,*,#1623,.F.);
#2537 = ORIENTED_EDGE('',*,*,#1670,.T.);
#2538 = ORIENTED_EDGE('',*,*,#1639,.F.);
#2539 = SPHERICAL_SURFACE('',#2540,1.);
#2540 = AXIS2_PLACEMENT_3D('',#2541,#2542,#2543);
#2541 = CARTESIAN_POINT('',(11.5,16.5,-4.));
#2542 = DIRECTION('',(-1.,1.224646799147E-16,0.));
#2543 = DIRECTION('',(-4.078893220341E-31,-3.330669073875E-15,-1.));
#2544 = ADVANCED_FACE('',(#2545),#2557,.T.);
#2545 = FACE_BOUND('',#2546,.T.);
#2546 = EDGE_LOOP('',(#2547,#2548,#2549,#2556));
#2547 = ORIENTED_EDGE('',*,*,#1717,.F.);
#2548 = ORIENTED_EDGE('',*,*,#1685,.T.);
#2549 = ORIENTED_EDGE('',*,*,#2550,.T.);
#2550 = EDGE_CURVE('',#1678,#2395,#2551,.T.);
#2551 = CIRCLE('',#2552,0.5);
#2552 = AXIS2_PLACEMENT_3D('',#2553,#2554,#2555);
#2553 = CARTESIAN_POINT('',(11.5,17.,0.5));
#2554 = DIRECTION('',(1.,-1.682498103116E-15,0.));
#2555 = DIRECTION('',(1.682498103116E-15,1.,0.));
#2556 = ORIENTED_EDGE('',*,*,#2394,.F.);
#2557 = TOROIDAL_SURFACE('',#2558,0.5,0.5);
#2558 = AXIS2_PLACEMENT_3D('',#2559,#2560,#2561);
#2559 = CARTESIAN_POINT('',(11.5,16.5,0.5));
#2560 = DIRECTION('',(0.,0.,1.));
#2561 = DIRECTION('',(1.,-9.551319483836E-16,0.));
#2562 = ADVANCED_FACE('',(#2563),#2574,.T.);
#2563 = FACE_BOUND('',#2564,.T.);
#2564 = EDGE_LOOP('',(#2565,#2566,#2567,#2568));
#2565 = ORIENTED_EDGE('',*,*,#1859,.F.);
#2566 = ORIENTED_EDGE('',*,*,#1824,.T.);
#2567 = ORIENTED_EDGE('',*,*,#1773,.F.);
#2568 = ORIENTED_EDGE('',*,*,#2569,.F.);
#2569 = EDGE_CURVE('',#1860,#1774,#2570,.T.);
#2570 = LINE('',#2571,#2572);
#2571 = CARTESIAN_POINT('',(11.2,-16.2,1.));
#2572 = VECTOR('',#2573,1.);
#2573 = DIRECTION('',(1.224646799147E-16,1.,0.));
#2574 = PLANE('',#2575);
#2575 = AXIS2_PLACEMENT_3D('',#2576,#2577,#2578);
#2576 = CARTESIAN_POINT('',(-1.7763568394E-15,0.,1.));
#2577 = DIRECTION('',(0.,0.,1.));
#2578 = DIRECTION('',(1.,-1.224646799147E-16,0.));
#2579 = ADVANCED_FACE('',(#2580),#2586,.T.);
#2580 = FACE_BOUND('',#2581,.T.);
#2581 = EDGE_LOOP('',(#2582,#2583,#2584,#2585));
#2582 = ORIENTED_EDGE('',*,*,#2360,.T.);
#2583 = ORIENTED_EDGE('',*,*,#1867,.T.);
#2584 = ORIENTED_EDGE('',*,*,#2569,.T.);
#2585 = ORIENTED_EDGE('',*,*,#1801,.F.);
#2586 = PLANE('',#2587);
#2587 = AXIS2_PLACEMENT_3D('',#2588,#2589,#2590);
#2588 = CARTESIAN_POINT('',(10.6,12.,-2.6645352591E-15));
#2589 = DIRECTION('',(-0.857492925713,1.150125966765E-16,0.514495755428)
  );
#2590 = DIRECTION('',(0.514495755428,1.869924419941E-16,0.857492925713)
  );
#2591 = ADVANCED_FACE('',(#2592),#2603,.T.);
#2592 = FACE_BOUND('',#2593,.T.);
#2593 = EDGE_LOOP('',(#2594,#2595,#2596,#2597));
#2594 = ORIENTED_EDGE('',*,*,#1906,.F.);
#2595 = ORIENTED_EDGE('',*,*,#1956,.T.);
#2596 = ORIENTED_EDGE('',*,*,#2006,.F.);
#2597 = ORIENTED_EDGE('',*,*,#2598,.F.);
#2598 = EDGE_CURVE('',#1907,#2007,#2599,.T.);
#2599 = LINE('',#2600,#2601);
#2600 = CARTESIAN_POINT('',(11.2,-16.2,1.));
#2601 = VECTOR('',#2602,1.);
#2602 = DIRECTION('',(1.224646799147E-16,1.,0.));
#2603 = PLANE('',#2604);
#2604 = AXIS2_PLACEMENT_3D('',#2605,#2606,#2607);
#2605 = CARTESIAN_POINT('',(-1.7763568394E-15,0.,1.));
#2606 = DIRECTION('',(0.,0.,1.));
#2607 = DIRECTION('',(1.,-1.224646799147E-16,0.));
#2608 = ADVANCED_FACE('',(#2609),#2615,.T.);
#2609 = FACE_BOUND('',#2610,.T.);
#2610 = EDGE_LOOP('',(#2611,#2612,#2613,#2614));
#2611 = ORIENTED_EDGE('',*,*,#2331,.T.);
#2612 = ORIENTED_EDGE('',*,*,#1914,.T.);
#2613 = ORIENTED_EDGE('',*,*,#2598,.T.);
#2614 = ORIENTED_EDGE('',*,*,#2031,.F.);
#2615 = PLANE('',#2616);
#2616 = AXIS2_PLACEMENT_3D('',#2617,#2618,#2619);
#2617 = CARTESIAN_POINT('',(10.6,-8.,8.881784197001E-16));
#2618 = DIRECTION('',(-0.857492925713,1.150125966765E-16,0.514495755428)
  );
#2619 = DIRECTION('',(0.514495755428,1.869924419941E-16,0.857492925713)
  );
#2620 = ADVANCED_FACE('',(#2621),#2633,.T.);
#2621 = FACE_BOUND('',#2622,.T.);
#2622 = EDGE_LOOP('',(#2623,#2630,#2631,#2632));
#2623 = ORIENTED_EDGE('',*,*,#2624,.T.);
#2624 = EDGE_CURVE('',#2192,#2170,#2625,.T.);
#2625 = CIRCLE('',#2626,0.5);
#2626 = AXIS2_PLACEMENT_3D('',#2627,#2628,#2629);
#2627 = CARTESIAN_POINT('',(-8.,17.,0.5));
#2628 = DIRECTION('',(-1.,1.224646799147E-16,0.));
#2629 = DIRECTION('',(0.,0.,1.));
#2630 = ORIENTED_EDGE('',*,*,#2177,.T.);
#2631 = ORIENTED_EDGE('',*,*,#2116,.F.);
#2632 = ORIENTED_EDGE('',*,*,#2201,.F.);
#2633 = CYLINDRICAL_SURFACE('',#2634,0.5);
#2634 = AXIS2_PLACEMENT_3D('',#2635,#2636,#2637);
#2635 = CARTESIAN_POINT('',(-8.,17.,0.5));
#2636 = DIRECTION('',(-1.,1.224646799147E-16,0.));
#2637 = DIRECTION('',(0.,0.,1.));
#2638 = ADVANCED_FACE('',(#2639),#2651,.F.);
#2639 = FACE_BOUND('',#2640,.F.);
#2640 = EDGE_LOOP('',(#2641,#2642,#2648,#2649,#2650));
#2641 = ORIENTED_EDGE('',*,*,#2169,.T.);
#2642 = ORIENTED_EDGE('',*,*,#2643,.T.);
#2643 = EDGE_CURVE('',#2162,#2428,#2644,.T.);
#2644 = LINE('',#2645,#2646);
#2645 = CARTESIAN_POINT('',(-8.,17.5,0.));
#2646 = VECTOR('',#2647,1.);
#2647 = DIRECTION('',(-1.224646799147E-16,-1.,0.));
#2648 = ORIENTED_EDGE('',*,*,#2427,.F.);
#2649 = ORIENTED_EDGE('',*,*,#2191,.F.);
#2650 = ORIENTED_EDGE('',*,*,#2624,.T.);
#2651 = PLANE('',#2652);
#2652 = AXIS2_PLACEMENT_3D('',#2653,#2654,#2655);
#2653 = CARTESIAN_POINT('',(-8.,17.5,1.));
#2654 = DIRECTION('',(-1.,2.464679914735E-18,0.));
#2655 = DIRECTION('',(-2.464679914735E-18,-1.,0.));
#2656 = ADVANCED_FACE('',(#2657),#2668,.T.);
#2657 = FACE_BOUND('',#2658,.T.);
#2658 = EDGE_LOOP('',(#2659,#2660,#2661,#2662));
#2659 = ORIENTED_EDGE('',*,*,#2161,.T.);
#2660 = ORIENTED_EDGE('',*,*,#2643,.T.);
#2661 = ORIENTED_EDGE('',*,*,#2435,.T.);
#2662 = ORIENTED_EDGE('',*,*,#2663,.T.);
#2663 = EDGE_CURVE('',#2436,#2154,#2664,.T.);
#2664 = LINE('',#2665,#2666);
#2665 = CARTESIAN_POINT('',(8.,16.2,0.));
#2666 = VECTOR('',#2667,1.);
#2667 = DIRECTION('',(1.224646799147E-16,1.,0.));
#2668 = PLANE('',#2669);
#2669 = AXIS2_PLACEMENT_3D('',#2670,#2671,#2672);
#2670 = CARTESIAN_POINT('',(0.,16.85,0.));
#2671 = DIRECTION('',(0.,0.,1.));
#2672 = DIRECTION('',(1.,-1.224646799147E-16,0.));
#2673 = ADVANCED_FACE('',(#2674),#2686,.T.);
#2674 = FACE_BOUND('',#2675,.F.);
#2675 = EDGE_LOOP('',(#2676,#2677,#2678,#2685));
#2676 = ORIENTED_EDGE('',*,*,#2550,.T.);
#2677 = ORIENTED_EDGE('',*,*,#2403,.T.);
#2678 = ORIENTED_EDGE('',*,*,#2679,.F.);
#2679 = EDGE_CURVE('',#2146,#2378,#2680,.T.);
#2680 = CIRCLE('',#2681,0.5);
#2681 = AXIS2_PLACEMENT_3D('',#2682,#2683,#2684);
#2682 = CARTESIAN_POINT('',(8.,17.,0.5));
#2683 = DIRECTION('',(1.,-1.224646799147E-16,0.));
#2684 = DIRECTION('',(0.,0.,1.));
#2685 = ORIENTED_EDGE('',*,*,#2145,.F.);
#2686 = CYLINDRICAL_SURFACE('',#2687,0.5);
#2687 = AXIS2_PLACEMENT_3D('',#2688,#2689,#2690);
#2688 = CARTESIAN_POINT('',(11.5,17.,0.5));
#2689 = DIRECTION('',(-1.,1.224646799147E-16,0.));
#2690 = DIRECTION('',(1.224646799147E-16,1.,0.));
#2691 = ADVANCED_FACE('',(#2692),#2699,.F.);
#2692 = FACE_BOUND('',#2693,.F.);
#2693 = EDGE_LOOP('',(#2694,#2695,#2696,#2697,#2698));
#2694 = ORIENTED_EDGE('',*,*,#2153,.F.);
#2695 = ORIENTED_EDGE('',*,*,#2679,.T.);
#2696 = ORIENTED_EDGE('',*,*,#2375,.F.);
#2697 = ORIENTED_EDGE('',*,*,#2443,.T.);
#2698 = ORIENTED_EDGE('',*,*,#2663,.T.);
#2699 = PLANE('',#2700);
#2700 = AXIS2_PLACEMENT_3D('',#2701,#2702,#2703);
#2701 = CARTESIAN_POINT('',(8.,16.2,1.));
#2702 = DIRECTION('',(1.,-2.464679914735E-18,0.));
#2703 = DIRECTION('',(2.464679914735E-18,1.,0.));
#2704 = ( GEOMETRIC_REPRESENTATION_CONTEXT(3) 
GLOBAL_UNCERTAINTY_ASSIGNED_CONTEXT((#2708)) 
GLOBAL_UNIT_ASSIGNED_CONTEXT((#2705,#2706,#2707)) REPRESENTATION_CONTEXT
('Context #1','3D Context with UNIT and UNCERTAINTY') );
#2705 = ( LENGTH_UNIT() NAMED_UNIT(*) SI_UNIT(.MILLI.,.METRE.) );
#2706 = ( NAMED_UNIT(*) PLANE_ANGLE_UNIT() SI_UNIT($,.RADIAN.) );
#2707 = ( NAMED_UNIT(*) SI_UNIT($,.STERADIAN.) SOLID_ANGLE_UNIT() );
#2708 = UNCERTAINTY_MEASURE_WITH_UNIT(LENGTH_MEASURE(2.E-07),#2705,
  'distance_accuracy_value','confusion accuracy');
#2709 = PRODUCT_RELATED_PRODUCT_CATEGORY('part',$,(#7));
#2710 = MECHANICAL_DESIGN_GEOMETRIC_PRESENTATION_REPRESENTATION('',(
    #2711),#2704);
#2711 = STYLED_ITEM('color',(#2712),#15);
#2712 = PRESENTATION_STYLE_ASSIGNMENT((#2713,#2719));
#2713 = SURFACE_STYLE_USAGE(.BOTH.,#2714);
#2714 = SURFACE_SIDE_STYLE('',(#2715));
#2715 = SURFACE_STYLE_FILL_AREA(#2716);
#2716 = FILL_AREA_STYLE('',(#2717));
#2717 = FILL_AREA_STYLE_COLOUR('',#2718);
#2718 = COLOUR_RGB('',0.447058818107,0.474509808674,0.501960817233);
#2719 = CURVE_STYLE('',#2720,POSITIVE_LENGTH_MEASURE(0.1),#2721);
#2720 = DRAUGHTING_PRE_DEFINED_CURVE_FONT('continuous');
#2721 = COLOUR_RGB('',9.803921802644E-02,9.803921802644E-02,
  9.803921802644E-02);
ENDSEC;
END-ISO-10303-21;
